"Date","Price","Open","High","Low","Vol.","Change %"
"12/28/2017","6,244.52","6,244.52","6,244.52","6,244.52","","0.94%"
"12/27/2017","6,186.46","6,186.46","6,186.46","6,186.46","","0.31%"
"12/26/2017","6,167.56","6,167.56","6,167.56","6,167.56","","0.13%"
"12/24/2017","6,159.30","6,159.30","6,159.30","6,159.30","","-0.38%"
"12/21/2017","6,182.78","6,182.78","6,182.78","6,182.78","","-0.22%"
"12/20/2017","6,196.48","6,196.48","6,196.48","6,196.48","","-0.52%"
"12/19/2017","6,228.65","6,228.65","6,228.65","6,228.65","","0.07%"
"12/18/2017","6,224.60","6,224.60","6,224.60","6,224.60","","0.19%"
"12/17/2017","6,213.08","6,213.08","6,213.08","6,213.08","","-0.27%"
"12/14/2017","6,230.01","6,230.01","6,230.01","6,230.01","","0.10%"
"12/13/2017","6,224.07","6,224.07","6,224.07","6,224.07","","-0.44%"
"12/12/2017","6,251.60","6,251.60","6,251.60","6,251.60","","0.89%"
"12/11/2017","6,196.65","6,196.65","6,196.65","6,196.65","","-0.13%"
"12/10/2017","6,204.43","6,204.43","6,204.43","6,204.43","","-0.70%"
"12/07/2017","6,248.22","6,248.22","6,248.22","6,248.22","","-0.29%"
"12/06/2017","6,266.29","6,266.29","6,266.29","6,266.29","","-0.33%"
"12/05/2017","6,286.75","6,286.75","6,286.75","6,286.75","","0.38%"
"12/04/2017","6,262.76","6,262.76","6,262.76","6,262.76","","-0.53%"
"12/03/2017","6,296.20","6,296.20","6,296.20","6,296.20","","-0.17%"
"11/30/2017","6,306.86","6,306.86","6,306.86","6,306.86","","0.45%"
"11/29/2017","6,278.55","6,278.55","6,278.55","6,278.55","","0.10%"
"11/28/2017","6,272.57","6,272.57","6,272.57","6,272.57","","-0.47%"
"11/27/2017","6,302.45","6,302.45","6,302.45","6,302.45","","-0.54%"
"11/26/2017","6,336.88","6,336.88","6,336.88","6,336.88","","0.23%"
"11/23/2017","6,322.51","6,322.51","6,322.51","6,322.51","","0.53%"
"11/22/2017","6,289.33","6,289.33","6,289.33","6,289.33","","0.12%"
"11/21/2017","6,281.87","6,281.87","6,281.87","6,281.87","","-0.59%"
"11/20/2017","6,319.12","6,319.12","6,319.12","6,319.12","","0.19%"
"11/19/2017","6,306.95","6,306.95","6,306.95","6,306.95","","0.40%"
"11/16/2017","6,282.09","6,282.09","6,282.09","6,282.09","","0.74%"
"11/15/2017","6,235.71","6,235.71","6,235.71","6,235.71","","-0.26%"
"11/14/2017","6,252.14","6,252.14","6,252.14","6,252.14","","0.57%"
"11/13/2017","6,216.61","6,216.61","6,216.61","6,216.61","","-0.12%"
"11/12/2017","6,223.78","6,223.78","6,223.78","6,223.78","","0.49%"
"11/09/2017","6,193.56","6,193.56","6,193.56","6,193.56","","0.56%"
"11/08/2017","6,159.07","6,159.07","6,159.07","6,159.07","","0.48%"
"11/07/2017","6,129.69","6,129.69","6,129.69","6,129.69","","0.41%"
"11/06/2017","6,104.50","6,104.50","6,104.50","6,104.50","","0.52%"
"11/05/2017","6,072.99","6,072.99","6,072.99","6,072.99","","-0.43%"
"11/02/2017","6,099.02","6,099.02","6,099.02","6,099.02","","0.44%"
"11/01/2017","6,072.33","6,072.33","6,072.33","6,072.33","","0.88%"
"10/31/2017","6,019.59","6,019.59","6,019.59","6,019.59","","0.39%"
"10/30/2017","5,996.24","5,996.24","5,996.24","5,996.24","","0.01%"
"10/29/2017","5,995.41","5,995.41","5,995.41","5,995.41","","-0.38%"
"10/26/2017","6,018.25","6,018.25","6,018.25","6,018.25","","0.28%"
"10/25/2017","6,001.52","6,001.52","6,001.52","6,001.52","","0.56%"
"10/24/2017","5,968.02","5,968.02","5,968.02","5,968.02","","-0.23%"
"10/23/2017","5,981.95","5,981.95","5,981.95","5,981.95","","-0.98%"
"10/22/2017","6,041.20","6,041.20","6,041.20","6,041.20","","0.03%"
"10/19/2017","6,039.55","6,039.55","6,039.55","6,039.55","","0.24%"
"10/18/2017","6,025.27","6,025.27","6,025.27","6,025.27","","-0.11%"
"10/17/2017","6,031.74","6,031.74","6,031.74","6,031.74","","0.30%"
"10/16/2017","6,013.84","6,013.84","6,013.84","6,013.84","","0.08%"
"10/15/2017","6,008.94","6,008.94","6,008.94","6,008.94","","-0.91%"
"10/12/2017","6,064.40","6,064.40","6,064.40","6,064.40","","-0.72%"
"10/11/2017","6,108.57","6,108.57","6,108.57","6,108.57","","-0.54%"
"10/10/2017","6,141.81","6,141.81","6,141.81","6,141.81","","0.21%"
"10/09/2017","6,128.89","6,128.89","6,128.89","6,128.89","","-1.23%"
"10/08/2017","6,205.50","6,205.50","6,205.50","6,205.50","","0.05%"
"10/05/2017","6,202.31","6,202.31","6,202.31","6,202.31","","0.69%"
"10/04/2017","6,159.95","6,159.95","6,159.95","6,159.95","","0.44%"
"10/03/2017","6,133.22","6,133.22","6,133.22","6,133.22","","0.66%"
"10/02/2017","6,092.95","6,092.95","6,092.95","6,092.95","","0.00%"
"09/28/2017","6,092.84","6,092.84","6,092.84","6,092.84","","0.22%"
"09/27/2017","6,079.32","6,079.32","6,079.32","6,079.32","","-0.41%"
"09/26/2017","6,104.27","6,104.27","6,104.27","6,104.27","","-0.03%"
"09/25/2017","6,106.24","6,106.24","6,106.24","6,106.24","","-0.96%"
"09/24/2017","6,165.32","6,165.32","6,165.32","6,165.32","","-0.08%"
"09/21/2017","6,170.47","6,170.47","6,170.47","6,170.47","","-0.04%"
"09/20/2017","6,172.91","6,172.91","6,172.91","6,172.91","","-1.02%"
"09/19/2017","6,236.58","6,236.58","6,236.58","6,236.58","","0.01%"
"09/18/2017","6,235.94","6,235.94","6,235.94","6,235.94","","-0.07%"
"09/17/2017","6,240.57","6,240.57","6,240.57","6,240.57","","0.59%"
"09/14/2017","6,203.90","6,203.90","6,203.90","6,203.90","","0.31%"
"09/13/2017","6,184.57","6,184.57","6,184.57","6,184.57","","0.57%"
"09/12/2017","6,149.39","6,149.39","6,149.39","6,149.39","","-0.03%"
"09/11/2017","6,151.20","6,151.20","6,151.20","6,151.20","","-0.26%"
"09/10/2017","6,167.49","6,167.49","6,167.49","6,167.49","","0.86%"
"09/07/2017","6,114.98","6,114.98","6,114.98","6,114.98","","0.75%"
"09/06/2017","6,069.17","6,069.17","6,069.17","6,069.17","","-0.23%"
"09/05/2017","6,083.00","6,083.00","6,083.00","6,083.00","","0.74%"
"09/04/2017","6,038.37","6,038.37","6,038.37","6,038.37","","0.53%"
"08/31/2017","6,006.43","6,006.43","6,006.43","6,006.43","","0.54%"
"08/30/2017","5,973.94","5,973.94","5,973.94","5,973.94","","0.43%"
"08/29/2017","5,948.50","5,948.50","5,948.50","5,948.50","","0.02%"
"08/28/2017","5,947.24","5,947.24","5,947.24","5,947.24","","0.54%"
"08/27/2017","5,915.42","5,915.42","5,915.42","5,915.42","","0.51%"
"08/24/2017","5,885.42","5,885.42","5,885.42","5,885.42","","0.50%"
"08/23/2017","5,855.87","5,855.87","5,855.87","5,855.87","","-0.11%"
"08/22/2017","5,862.33","5,862.33","5,862.33","5,862.33","","0.31%"
"08/21/2017","5,844.10","5,844.10","5,844.10","5,844.10","","0.43%"
"08/20/2017","5,819.27","5,819.27","5,819.27","5,819.27","","-0.71%"
"08/17/2017","5,861.11","5,861.11","5,861.11","5,861.11","","-0.38%"
"08/16/2017","5,883.24","5,883.24","5,883.24","5,883.24","","-0.65%"
"08/13/2017","5,921.59","5,921.59","5,921.59","5,921.59","","0.34%"
"08/10/2017","5,901.80","5,901.80","5,901.80","5,901.80","","0.20%"
"08/09/2017","5,890.12","5,890.12","5,890.12","5,890.12","","-0.13%"
"08/08/2017","5,897.67","5,897.67","5,897.67","5,897.67","","-0.27%"
"08/07/2017","5,913.59","5,913.59","5,913.59","5,913.59","","0.10%"
"08/06/2017","5,907.62","5,907.62","5,907.62","5,907.62","","0.46%"
"08/03/2017","5,880.44","5,880.44","5,880.44","5,880.44","","-0.18%"
"08/02/2017","5,891.16","5,891.16","5,891.16","5,891.16","","0.25%"
"08/01/2017","5,876.26","5,876.26","5,876.26","5,876.26","","0.27%"
"07/31/2017","5,860.64","5,860.64","5,860.64","5,860.64","","1.01%"
"07/30/2017","5,802.04","5,802.04","5,802.04","5,802.04","","-0.22%"
"07/27/2017","5,815.07","5,815.07","5,815.07","5,815.07","","-0.16%"
"07/26/2017","5,824.42","5,824.42","5,824.42","5,824.42","","0.39%"
"07/25/2017","5,801.89","5,801.89","5,801.89","5,801.89","","0.07%"
"07/24/2017","5,798.11","5,798.11","5,798.11","5,798.11","","0.39%"
"07/23/2017","5,775.59","5,775.59","5,775.59","5,775.59","","-0.12%"
"07/20/2017","5,782.47","5,782.47","5,782.47","5,782.47","","0.12%"
"07/19/2017","5,775.59","5,775.59","5,775.59","5,775.59","","-0.75%"
"07/18/2017","5,819.26","5,819.26","5,819.26","5,819.26","","-0.09%"
"07/17/2017","5,824.42","5,824.42","5,824.42","5,824.42","","-0.35%"
"07/16/2017","5,844.72","5,844.72","5,844.72","5,844.72","","0.17%"
"07/13/2017","5,834.86","5,834.86","5,834.86","5,834.86","","0.76%"
"07/12/2017","5,790.78","5,790.78","5,790.78","5,790.78","","-0.69%"
"07/11/2017","5,830.77","5,830.77","5,830.77","5,830.77","","0.06%"
"07/10/2017","5,827.18","5,827.18","5,827.18","5,827.18","","0.92%"
"07/09/2017","5,774.29","5,774.29","5,774.29","5,774.29","","0.43%"
"07/06/2017","5,749.65","5,749.65","5,749.65","5,749.65","","-0.57%"
"07/05/2017","5,782.65","5,782.65","5,782.65","5,782.65","","0.38%"
"07/04/2017","5,760.50","5,760.50","5,760.50","5,760.50","","0.60%"
"07/03/2017","5,726.37","5,726.37","5,726.37","5,726.37","","1.27%"
"07/02/2017","5,654.62","5,654.62","5,654.62","5,654.62","","-0.03%"
"06/29/2017","5,656.04","5,656.04","5,656.04","5,656.04","","0.17%"
"06/28/2017","5,646.28","5,646.28","5,646.28","5,646.28","","0.84%"
"06/22/2017","5,599.07","5,599.07","5,599.07","5,599.07","","0.56%"
"06/21/2017","5,567.69","5,567.69","5,567.69","5,567.69","","0.73%"
"06/20/2017","5,527.22","5,527.22","5,527.22","5,527.22","","0.88%"
"06/19/2017","5,478.82","5,478.82","5,478.82","5,478.82","","0.31%"
"06/18/2017","5,461.63","5,461.63","5,461.63","5,461.63","","-0.12%"
"06/15/2017","5,468.32","5,468.32","5,468.32","5,468.32","","0.16%"
"06/14/2017","5,459.72","5,459.72","5,459.72","5,459.72","","0.09%"
"06/13/2017","5,454.78","5,454.78","5,454.78","5,454.78","","0.09%"
"06/12/2017","5,450.11","5,450.11","5,450.11","5,450.11","","-0.09%"
"06/11/2017","5,455.17","5,455.17","5,455.17","5,455.17","","-0.38%"
"06/08/2017","5,475.74","5,475.74","5,475.74","5,475.74","","-0.26%"
"06/07/2017","5,489.87","5,489.87","5,489.87","5,489.87","","-0.20%"
"06/06/2017","5,500.65","5,500.65","5,500.65","5,500.65","","0.33%"
"06/05/2017","5,482.52","5,482.52","5,482.52","5,482.52","","0.71%"
"06/04/2017","5,443.99","5,443.99","5,443.99","5,443.99","","0.10%"
"06/01/2017","5,438.70","5,438.70","5,438.70","5,438.70","","0.66%"
"05/31/2017","5,403.11","5,403.11","5,403.11","5,403.11","","0.56%"
"05/30/2017","5,373.25","5,373.25","5,373.25","5,373.25","","0.31%"
"05/29/2017","5,356.58","5,356.58","5,356.58","5,356.58","","-0.30%"
"05/28/2017","5,372.86","5,372.86","5,372.86","5,372.86","","-0.76%"
"05/25/2017","5,413.81","5,413.81","5,413.81","5,413.81","","0.02%"
"05/24/2017","5,412.68","5,412.68","5,412.68","5,412.68","","0.33%"
"05/23/2017","5,394.81","5,394.81","5,394.81","5,394.81","","0.18%"
"05/22/2017","5,385.35","5,385.35","5,385.35","5,385.35","","0.40%"
"05/21/2017","5,363.72","5,363.72","5,363.72","5,363.72","","-0.67%"
"05/18/2017","5,399.66","5,399.66","5,399.66","5,399.66","","-0.55%"
"05/17/2017","5,429.66","5,429.66","5,429.66","5,429.66","","-0.11%"
"05/16/2017","5,435.68","5,435.68","5,435.68","5,435.68","","0.14%"
"05/15/2017","5,428.05","5,428.05","5,428.05","5,428.05","","-0.59%"
"05/14/2017","5,460.07","5,460.07","5,460.07","5,460.07","","-0.66%"
"05/11/2017","5,496.20","5,496.20","5,496.20","5,496.20","","-0.27%"
"05/09/2017","5,511.05","5,511.05","5,511.05","5,511.05","","-0.33%"
"05/08/2017","5,529.50","5,529.50","5,529.50","5,529.50","","-0.07%"
"05/07/2017","5,533.44","5,533.44","5,533.44","5,533.44","","-0.13%"
"05/04/2017","5,540.71","5,540.71","5,540.71","5,540.71","","-0.08%"
"05/03/2017","5,545.10","5,545.10","5,545.10","5,545.10","","0.43%"
"05/02/2017","5,521.38","5,521.38","5,521.38","5,521.38","","0.84%"
"04/30/2017","5,475.55","5,475.55","5,475.55","5,475.55","","-1.06%"
"04/27/2017","5,534.42","5,534.42","5,534.42","5,534.42","","0.31%"
"04/26/2017","5,517.37","5,517.37","5,517.37","5,517.37","","0.88%"
"04/25/2017","5,469.46","5,469.46","5,469.46","5,469.46","","0.62%"
"04/24/2017","5,435.63","5,435.63","5,435.63","5,435.63","","-0.05%"
"04/23/2017","5,438.24","5,438.24","5,438.24","5,438.24","","-1.51%"
"04/20/2017","5,521.66","5,521.66","5,521.66","5,521.66","","-0.60%"
"04/19/2017","5,555.09","5,555.09","5,555.09","5,555.09","","-0.29%"
"04/18/2017","5,571.52","5,571.52","5,571.52","5,571.52","","-0.44%"
"04/17/2017","5,596.12","5,596.12","5,596.12","5,596.12","","0.06%"
"04/16/2017","5,592.83","5,592.83","5,592.83","5,592.83","","-0.94%"
"04/13/2017","5,645.86","5,645.86","5,645.86","5,645.86","","-0.01%"
"04/12/2017","5,646.37","5,646.37","5,646.37","5,646.37","","-0.65%"
"04/11/2017","5,683.46","5,683.46","5,683.46","5,683.46","","-0.11%"
"04/10/2017","5,689.67","5,689.67","5,689.67","5,689.67","","-0.20%"
"04/09/2017","5,700.79","5,700.79","5,700.79","5,700.79","","-0.62%"
"04/06/2017","5,736.40","5,736.40","5,736.40","5,736.40","","-0.36%"
"04/05/2017","5,756.92","5,756.92","5,756.92","5,756.92","","-0.35%"
"04/04/2017","5,777.11","5,777.11","5,777.11","5,777.11","","0.66%"
"04/03/2017","5,739.33","5,739.33","5,739.33","5,739.33","","0.84%"
"04/02/2017","5,691.37","5,691.37","5,691.37","5,691.37","","-0.49%"
"03/30/2017","5,719.61","5,719.61","5,719.61","5,719.61","","-0.24%"
"03/29/2017","5,733.24","5,733.24","5,733.24","5,733.24","","-0.07%"
"03/28/2017","5,737.41","5,737.41","5,737.41","5,737.41","","0.69%"
"03/27/2017","5,697.93","5,697.93","5,697.93","5,697.93","","-0.49%"
"03/23/2017","5,726.23","5,726.23","5,726.23","5,726.23","","-0.18%"
"03/22/2017","5,736.30","5,736.30","5,736.30","5,736.30","","0.20%"
"03/21/2017","5,724.85","5,724.85","5,724.85","5,724.85","","0.51%"
"03/20/2017","5,695.72","5,695.72","5,695.72","5,695.72","","0.00%"
"03/19/2017","5,695.45","5,695.45","5,695.45","5,695.45","","-0.10%"
"03/16/2017","5,701.27","5,701.27","5,701.27","5,701.27","","0.30%"
"03/15/2017","5,684.31","5,684.31","5,684.31","5,684.31","","0.05%"
"03/14/2017","5,681.25","5,681.25","5,681.25","5,681.25","","0.38%"
"03/13/2017","5,659.72","5,659.72","5,659.72","5,659.72","","-0.29%"
"03/12/2017","5,676.25","5,676.25","5,676.25","5,676.25","","0.08%"
"03/09/2017","5,671.61","5,671.61","5,671.61","5,671.61","","0.38%"
"03/08/2017","5,649.98","5,649.98","5,649.98","5,649.98","","0.49%"
"03/07/2017","5,622.49","5,622.49","5,622.49","5,622.49","","0.60%"
"03/06/2017","5,588.83","5,588.83","5,588.83","5,588.83","","0.28%"
"03/05/2017","5,573.07","5,573.07","5,573.07","5,573.07","","-0.24%"
"03/02/2017","5,586.74","5,586.74","5,586.74","5,586.74","","-0.19%"
"03/01/2017","5,597.21","5,597.21","5,597.21","5,597.21","","-0.28%"
"02/28/2017","5,612.69","5,612.69","5,612.69","5,612.69","","-0.13%"
"02/27/2017","5,620.24","5,620.24","5,620.24","5,620.24","","-0.26%"
"02/26/2017","5,635.11","5,635.11","5,635.11","5,635.11","","0.17%"
"02/23/2017","5,625.33","5,625.33","5,625.33","5,625.33","","-0.01%"
"02/22/2017","5,625.83","5,625.83","5,625.83","5,625.83","","0.37%"
"02/20/2017","5,604.99","5,604.99","5,604.99","5,604.99","","0.39%"
"02/19/2017","5,583.00","5,583.00","5,583.00","5,583.00","","-0.14%"
"02/16/2017","5,590.66","5,590.66","5,590.66","5,590.66","","0.18%"
"02/15/2017","5,580.63","5,580.63","5,580.63","5,580.63","","-0.32%"
"02/14/2017","5,598.71","5,598.71","5,598.71","5,598.71","","0.72%"
"02/13/2017","5,558.57","5,558.57","5,558.57","5,558.57","","0.22%"
"02/12/2017","5,546.28","5,546.28","5,546.28","5,546.28","","0.61%"
"02/09/2017","5,512.46","5,512.46","5,512.46","5,512.46","","0.44%"
"02/08/2017","5,488.23","5,488.23","5,488.23","5,488.23","","1.78%"
"02/07/2017","5,392.10","5,392.10","5,392.10","5,392.10","","0.54%"
"02/06/2017","5,363.09","5,363.09","5,363.09","5,363.09","","0.76%"
"02/05/2017","5,322.86","5,322.86","5,322.86","5,322.86","","-0.79%"
"02/02/2017","5,365.13","5,365.13","5,365.13","5,365.13","","-1.99%"
"02/01/2017","5,473.89","5,473.89","5,473.89","5,473.89","","0.10%"
"01/31/2017","5,468.34","5,468.34","5,468.34","5,468.34","","0.87%"
"01/30/2017","5,421.20","5,421.20","5,421.20","5,421.20","","-1.45%"
"01/29/2017","5,500.85","5,500.85","5,500.85","5,500.85","","-2.10%"
"01/26/2017","5,618.64","5,618.64","5,618.64","5,618.64","","-0.05%"
"01/25/2017","5,621.27","5,621.27","5,621.27","5,621.27","","-1.52%"
"01/24/2017","5,708.24","5,708.24","5,708.24","5,708.24","","0.68%"
"01/23/2017","5,669.79","5,669.79","5,669.79","5,669.79","","1.19%"
"01/22/2017","5,602.84","5,602.84","5,602.84","5,602.84","","1.24%"
"01/19/2017","5,534.06","5,534.06","5,534.06","5,534.06","","0.01%"
"01/18/2017","5,533.49","5,533.49","5,533.49","5,533.49","","-0.75%"
"01/17/2017","5,575.47","5,575.47","5,575.47","5,575.47","","1.78%"
"01/16/2017","5,477.86","5,477.86","5,477.86","5,477.86","","1.02%"
"01/15/2017","5,422.79","5,422.79","5,422.79","5,422.79","","1.50%"
"01/12/2017","5,342.87","5,342.87","5,342.87","5,342.87","","0.17%"
"01/11/2017","5,333.87","5,333.87","5,333.87","5,333.87","","1.07%"
"01/10/2017","5,277.39","5,277.39","5,277.39","5,277.39","","1.20%"
"01/09/2017","5,214.60","5,214.60","5,214.60","5,214.60","","1.08%"
"01/08/2017","5,158.69","5,158.69","5,158.69","5,158.69","","-0.45%"
"01/05/2017","5,182.24","5,182.24","5,182.24","5,182.24","","0.50%"
"01/04/2017","5,156.60","5,156.60","5,156.60","5,156.60","","0.37%"
"01/03/2017","5,137.73","5,137.73","5,137.73","5,137.73","","0.35%"
"01/02/2017","5,119.58","5,119.58","5,119.58","5,119.58","","0.70%"
"01/01/2017","5,083.89","5,083.89","5,083.89","5,083.89","","0.95%"
"12/29/2016","5,036.05","5,036.05","5,036.05","5,036.05","","0.16%"
"12/28/2016","5,027.91","5,027.91","5,027.91","5,027.91","","0.22%"
"12/27/2016","5,016.74","5,016.74","5,016.74","5,016.74","","0.46%"
"12/26/2016","4,993.53","4,993.53","4,993.53","4,993.53","","0.74%"
"12/22/2016","4,956.73","4,956.73","4,956.73","4,956.73","","0.66%"
"12/21/2016","4,924.33","4,924.33","4,924.33","4,924.33","","-0.14%"
"12/20/2016","4,931.17","4,931.17","4,931.17","4,931.17","","-0.21%"
"12/19/2016","4,941.65","4,941.65","4,941.65","4,941.65","","0.06%"
"12/18/2016","4,938.58","4,938.58","4,938.58","4,938.58","","0.26%"
"12/15/2016","4,925.72","4,925.72","4,925.72","4,925.72","","0.38%"
"12/14/2016","4,906.92","4,906.92","4,906.92","4,906.92","","0.77%"
"12/12/2016","4,869.59","4,869.59","4,869.59","4,869.59","","0.17%"
"12/11/2016","4,861.12","4,861.12","4,861.12","4,861.12","","-0.65%"
"12/08/2016","4,892.81","4,892.81","4,892.81","4,892.81","","0.44%"
"12/07/2016","4,871.28","4,871.28","4,871.28","4,871.28","","0.52%"
"12/06/2016","4,846.09","4,846.09","4,846.09","4,846.09","","0.20%"
"12/05/2016","4,836.32","4,836.32","4,836.32","4,836.32","","0.29%"
"12/04/2016","4,822.29","4,822.29","4,822.29","4,822.29","","-0.02%"
"12/01/2016","4,823.02","4,823.02","4,823.02","4,823.02","","0.45%"
"11/30/2016","4,801.24","4,801.24","4,801.24","4,801.24","","0.17%"
"11/29/2016","4,793.30","4,793.30","4,793.30","4,793.30","","-0.09%"
"11/28/2016","4,797.64","4,797.64","4,797.64","4,797.64","","0.23%"
"11/27/2016","4,786.57","4,786.57","4,786.57","4,786.57","","-0.10%"
"11/24/2016","4,791.33","4,791.33","4,791.33","4,791.33","","0.55%"
"11/23/2016","4,765.35","4,765.35","4,765.35","4,765.35","","0.32%"
"11/22/2016","4,750.20","4,750.20","4,750.20","4,750.20","","0.61%"
"11/21/2016","4,721.40","4,721.40","4,721.40","4,721.40","","-0.01%"
"11/20/2016","4,721.98","4,721.98","4,721.98","4,721.98","","0.50%"
"11/17/2016","4,698.54","4,698.54","4,698.54","4,698.54","","0.47%"
"11/16/2016","4,676.75","4,676.75","4,676.75","4,676.75","","0.26%"
"11/15/2016","4,664.80","4,664.80","4,664.80","4,664.80","","0.43%"
"11/14/2016","4,644.98","4,644.98","4,644.98","4,644.98","","-0.48%"
"11/13/2016","4,667.19","4,667.19","4,667.19","4,667.19","","-0.21%"
"11/10/2016","4,677.13","4,677.13","4,677.13","4,677.13","","0.13%"
"11/09/2016","4,671.25","4,671.25","4,671.25","4,671.25","","-0.42%"
"11/08/2016","4,691.06","4,691.06","4,691.06","4,691.06","","0.04%"
"11/07/2016","4,689.18","4,689.18","4,689.18","4,689.18","","0.36%"
"11/06/2016","4,672.39","4,672.39","4,672.39","4,672.39","","-0.01%"
"11/03/2016","4,672.87","4,672.87","4,672.87","4,672.87","","0.86%"
"11/02/2016","4,633.18","4,633.18","4,633.18","4,633.18","","0.79%"
"11/01/2016","4,596.86","4,596.86","4,596.86","4,596.86","","0.10%"
"10/31/2016","4,592.17","4,592.17","4,592.17","4,592.17","","-0.28%"
"10/30/2016","4,605.08","4,605.08","4,605.08","4,605.08","","-0.67%"
"10/27/2016","4,636.23","4,636.23","4,636.23","4,636.23","","-0.47%"
"10/26/2016","4,658.20","4,658.20","4,658.20","4,658.20","","-0.51%"
"10/25/2016","4,681.86","4,681.86","4,681.86","4,681.86","","-0.25%"
"10/24/2016","4,693.70","4,693.70","4,693.70","4,693.70","","0.01%"
"10/23/2016","4,693.00","4,693.00","4,693.00","4,693.00","","0.01%"
"10/20/2016","4,692.43","4,692.43","4,692.43","4,692.43","","-0.21%"
"10/19/2016","4,702.51","4,702.51","4,702.51","4,702.51","","-0.20%"
"10/18/2016","4,711.85","4,711.85","4,711.85","4,711.85","","0.40%"
"10/17/2016","4,692.94","4,692.94","4,692.94","4,692.94","","-0.35%"
"10/16/2016","4,709.62","4,709.62","4,709.62","4,709.62","","0.18%"
"10/13/2016","4,701.31","4,701.31","4,701.31","4,701.31","","0.26%"
"10/10/2016","4,689.31","4,689.31","4,689.31","4,689.31","","-0.20%"
"10/09/2016","4,698.63","4,698.63","4,698.63","4,698.63","","-0.53%"
"10/06/2016","4,723.72","4,723.72","4,723.72","4,723.72","","0.21%"
"10/05/2016","4,714.05","4,714.05","4,714.05","4,714.05","","0.11%"
"10/04/2016","4,708.78","4,708.78","4,708.78","4,708.78","","0.38%"
"10/03/2016","4,691.13","4,691.13","4,691.13","4,691.13","","0.00%"
"10/02/2016","4,690.93","4,690.93","4,690.93","4,690.93","","-0.09%"
"09/29/2016","4,695.18","4,695.18","4,695.18","4,695.18","","0.10%"
"09/28/2016","4,690.63","4,690.63","4,690.63","4,690.63","","0.28%"
"09/27/2016","4,677.68","4,677.68","4,677.68","4,677.68","","-0.13%"
"09/26/2016","4,683.99","4,683.99","4,683.99","4,683.99","","0.23%"
"09/25/2016","4,673.43","4,673.43","4,673.43","4,673.43","","-0.15%"
"09/24/2016","4,680.31","4,665.35","4,689.90","4,665.35","","0.32%"
"09/22/2016","4,665.35","4,665.35","4,665.35","4,665.35","","0.11%"
"09/21/2016","4,660.14","4,660.14","4,660.14","4,660.14","","0.45%"
"09/20/2016","4,639.13","4,639.13","4,639.13","4,639.13","","0.28%"
"09/19/2016","4,626.17","4,626.17","4,626.17","4,626.17","","0.05%"
"09/18/2016","4,623.98","4,623.98","4,623.98","4,623.98","","0.50%"
"09/14/2016","4,601.08","4,601.08","4,601.08","4,601.08","","0.00%"
"09/08/2016","4,601.08","4,601.08","4,601.08","4,601.08","","0.14%"
"09/07/2016","4,594.67","4,594.67","4,594.67","4,594.67","","0.58%"
"09/06/2016","4,568.35","4,568.35","4,568.35","4,568.35","","0.10%"
"09/05/2016","4,563.69","4,563.69","4,563.69","4,563.69","","0.14%"
"09/04/2016","4,557.43","4,557.43","4,557.43","4,557.43","","0.18%"
"09/01/2016","4,549.04","4,549.04","4,549.04","4,549.04","","0.50%"
"08/31/2016","4,526.57","4,526.57","4,526.57","4,526.57","","0.06%"
"08/30/2016","4,523.65","4,523.65","4,523.65","4,523.65","","-0.23%"
"08/29/2016","4,534.04","4,534.04","4,534.04","4,534.04","","-0.01%"
"08/28/2016","4,534.55","4,534.55","4,534.55","4,534.55","","-0.43%"
"08/24/2016","4,554.27","4,554.27","4,554.27","4,554.27","","-0.21%"
"08/23/2016","4,563.68","4,563.68","4,563.68","4,563.68","","-0.31%"
"08/22/2016","4,577.84","4,577.84","4,577.84","4,577.84","","-0.03%"
"08/21/2016","4,579.03","4,579.03","4,579.03","4,579.03","","-0.13%"
"08/18/2016","4,585.08","4,585.08","4,585.08","4,585.08","","-0.22%"
"08/17/2016","4,595.23","4,595.23","4,595.23","4,595.23","","0.20%"
"08/16/2016","4,586.25","4,586.25","4,586.25","4,586.25","","0.20%"
"08/14/2016","4,577.08","4,577.08","4,577.08","4,577.08","","0.06%"
"08/11/2016","4,574.36","4,574.36","4,574.36","4,574.36","","0.11%"
"08/10/2016","4,569.28","4,569.28","4,569.28","4,569.28","","0.04%"
"08/09/2016","4,567.68","4,567.68","4,567.68","4,567.68","","-0.03%"
"08/08/2016","4,569.12","4,569.12","4,569.12","4,569.12","","0.02%"
"08/07/2016","4,568.42","4,568.42","4,568.42","4,568.42","","-0.20%"
"08/04/2016","4,577.57","4,577.57","4,577.57","4,577.57","","0.03%"
"08/03/2016","4,575.97","4,575.97","4,575.97","4,575.97","","0.52%"
"08/02/2016","4,552.36","4,552.36","4,552.36","4,552.36","","0.41%"
"08/01/2016","4,533.71","4,533.71","4,533.71","4,533.71","","0.18%"
"07/31/2016","4,525.34","4,525.34","4,525.34","4,525.34","","-0.28%"
"07/28/2016","4,538.26","4,538.26","4,538.26","4,538.26","","0.00%"
"07/27/2016","4,538.20","4,538.20","4,538.20","4,538.20","","-0.26%"
"07/26/2016","4,550.16","4,550.16","4,550.16","4,550.16","","0.02%"
"07/25/2016","4,549.18","4,549.18","4,549.18","4,549.18","","-0.04%"
"07/24/2016","4,551.07","4,551.07","4,551.07","4,551.07","","-0.06%"
"07/21/2016","4,553.78","4,553.78","4,553.78","4,553.78","","-0.02%"
"07/20/2016","4,554.54","4,554.54","4,554.54","4,554.54","","-0.05%"
"07/19/2016","4,556.92","4,556.92","4,556.92","4,556.92","","-0.33%"
"07/18/2016","4,571.81","4,571.81","4,571.81","4,571.81","","0.28%"
"07/17/2016","4,558.94","4,558.94","4,558.94","4,558.94","","0.46%"
"07/14/2016","4,537.91","4,537.91","4,537.91","4,537.91","","0.00%"
"07/13/2016","4,538.08","4,538.08","4,538.08","4,538.08","","-0.15%"
"07/12/2016","4,544.70","4,544.70","4,544.70","4,544.70","","0.88%"
"07/11/2016","4,505.17","4,505.17","4,505.17","4,505.17","","0.22%"
"07/10/2016","4,495.18","4,495.18","4,495.18","4,495.18","","-0.28%"
"06/30/2016","4,507.58","4,507.58","4,507.58","4,507.58","","0.83%"
"06/29/2016","4,470.26","4,470.26","4,470.26","4,470.26","","0.42%"
"06/28/2016","4,451.36","4,451.36","4,451.36","4,451.36","","0.87%"
"06/27/2016","4,412.82","4,412.82","4,412.82","4,412.82","","0.74%"
"06/26/2016","4,380.22","4,380.22","4,380.22","4,380.22","","-0.03%"
"06/23/2016","4,381.46","4,381.46","4,381.46","4,381.46","","0.35%"
"06/22/2016","4,366.24","4,366.24","4,366.24","4,366.24","","0.07%"
"06/21/2016","4,363.11","4,363.11","4,363.11","4,363.11","","-0.13%"
"06/20/2016","4,369.00","4,369.00","4,369.00","4,369.00","","-0.43%"
"06/19/2016","4,387.78","4,387.78","4,387.78","4,387.78","","-0.17%"
"06/16/2016","4,395.27","4,395.27","4,395.27","4,395.27","","-0.38%"
"06/15/2016","4,411.99","4,411.99","4,411.99","4,411.99","","0.07%"
"06/14/2016","4,409.08","4,409.08","4,409.08","4,409.08","","0.08%"
"06/13/2016","4,405.40","4,405.40","4,405.40","4,405.40","","-0.09%"
"06/12/2016","4,409.40","4,409.40","4,409.40","4,409.40","","-0.22%"
"06/09/2016","4,418.98","4,418.98","4,418.98","4,418.98","","-0.03%"
"06/08/2016","4,420.42","4,420.42","4,420.42","4,420.42","","0.18%"
"06/07/2016","4,412.51","4,412.51","4,412.51","4,412.51","","0.04%"
"06/06/2016","4,410.93","4,410.93","4,410.93","4,410.93","","-0.34%"
"06/05/2016","4,425.89","4,425.89","4,425.89","4,425.89","","-0.45%"
"06/02/2016","4,446.08","4,446.08","4,446.08","4,446.08","","0.55%"
"06/01/2016","4,421.79","4,421.79","4,421.79","4,421.79","","0.05%"
"05/31/2016","4,419.39","4,419.39","4,419.39","4,419.39","","-0.08%"
"05/30/2016","4,423.00","4,423.00","4,423.00","4,423.00","","-0.09%"
"05/29/2016","4,426.78","4,426.78","4,426.78","4,426.78","","0.88%"
"05/26/2016","4,388.00","4,388.00","4,388.00","4,388.00","","0.50%"
"05/25/2016","4,366.03","4,366.03","4,366.03","4,366.03","","-0.64%"
"05/24/2016","4,394.06","4,394.06","4,394.06","4,394.06","","-0.01%"
"05/22/2016","4,394.31","4,394.31","4,394.31","4,394.31","","0.03%"
"05/19/2016","4,392.87","4,392.87","4,392.87","4,392.87","","0.65%"
"05/18/2016","4,364.31","4,364.31","4,364.31","4,364.31","","0.87%"
"05/17/2016","4,326.63","4,326.63","4,326.63","4,326.63","","0.89%"
"05/16/2016","4,288.64","4,288.64","4,288.64","4,288.64","","0.31%"
"05/15/2016","4,275.47","4,275.47","4,275.47","4,275.47","","-0.54%"
"05/12/2016","4,298.65","4,298.65","4,298.65","4,298.65","","-0.46%"
"05/11/2016","4,318.44","4,318.44","4,318.44","4,318.44","","-0.27%"
"05/10/2016","4,330.31","4,330.31","4,330.31","4,330.31","","0.02%"
"05/09/2016","4,329.39","4,329.39","4,329.39","4,329.39","","-0.25%"
"05/08/2016","4,340.06","4,340.06","4,340.06","4,340.06","","0.77%"
"05/05/2016","4,306.79","4,306.79","4,306.79","4,306.79","","1.14%"
"05/04/2016","4,258.20","4,258.20","4,258.20","4,258.20","","-0.33%"
"05/03/2016","4,272.17","4,272.17","4,272.17","4,272.17","","2.42%"
"05/02/2016","4,171.40","4,171.40","4,171.40","4,171.40","","-0.58%"
"04/28/2016","4,195.69","4,195.69","4,195.69","4,195.69","","-1.02%"
"04/27/2016","4,238.94","4,238.94","4,238.94","4,238.94","","-1.00%"
"04/26/2016","4,281.93","4,281.93","4,281.93","4,281.93","","-0.92%"
"04/25/2016","4,321.62","4,321.62","4,321.62","4,321.62","","-0.38%"
"04/24/2016","4,338.24","4,338.24","4,338.24","4,338.24","","-0.05%"
"04/21/2016","4,340.34","4,340.34","4,340.34","4,340.34","","-0.44%"
"04/20/2016","4,359.39","4,359.39","4,359.39","4,359.39","","0.04%"
"04/19/2016","4,357.63","4,357.63","4,357.63","4,357.63","","-0.77%"
"04/18/2016","4,391.42","4,391.42","4,391.42","4,391.42","","-0.04%"
"04/17/2016","4,393.34","4,393.34","4,393.34","4,393.34","","-0.35%"
"04/13/2016","4,408.64","4,408.64","4,408.64","4,408.64","","0.03%"
"04/12/2016","4,407.52","4,407.52","4,407.52","4,407.52","","0.13%"
"04/11/2016","4,401.78","4,401.78","4,401.78","4,401.78","","-0.66%"
"04/10/2016","4,431.12","4,431.12","4,431.12","4,431.12","","-0.27%"
"04/07/2016","4,443.06","4,443.06","4,443.06","4,443.06","","0.66%"
"04/06/2016","4,413.85","4,413.85","4,413.85","4,413.85","","0.09%"
"04/05/2016","4,409.72","4,409.72","4,409.72","4,409.72","","-0.49%"
"04/04/2016","4,431.65","4,431.65","4,431.65","4,431.65","","1.20%"
"04/03/2016","4,379.23","4,379.23","4,379.23","4,379.23","","0.50%"
"03/31/2016","4,357.53","4,357.53","4,357.53","4,357.53","","0.51%"
"03/30/2016","4,335.29","4,335.29","4,335.29","4,335.29","","0.54%"
"03/29/2016","4,311.80","4,311.80","4,311.80","4,311.80","","0.21%"
"03/28/2016","4,302.57","4,302.57","4,302.57","4,302.57","","-1.23%"
"03/27/2016","4,355.93","4,355.93","4,355.93","4,355.93","","-0.33%"
"03/24/2016","4,370.49","4,370.49","4,370.49","4,370.49","","-0.24%"
"03/23/2016","4,381.16","4,381.16","4,381.16","4,381.16","","-0.66%"
"03/22/2016","4,410.22","4,410.22","4,410.22","4,410.22","","-0.72%"
"03/21/2016","4,442.15","4,442.15","4,442.15","4,442.15","","0.27%"
"03/20/2016","4,430.28","4,430.28","4,430.28","4,430.28","","-0.36%"
"03/16/2016","4,446.28","4,446.28","4,446.28","4,446.28","","-0.66%"
"03/15/2016","4,475.89","4,475.89","4,475.89","4,475.89","","0.19%"
"03/14/2016","4,467.61","4,467.61","4,467.61","4,467.61","","-0.28%"
"03/13/2016","4,480.18","4,480.18","4,480.18","4,480.18","","-0.10%"
"03/10/2016","4,484.52","4,484.52","4,484.52","4,484.52","","0.60%"
"03/09/2016","4,457.80","4,457.80","4,457.80","4,457.80","","0.09%"
"03/08/2016","4,453.89","4,453.89","4,453.89","4,453.89","","0.23%"
"03/07/2016","4,443.63","4,443.63","4,443.63","4,443.63","","0.18%"
"03/06/2016","4,435.46","4,435.46","4,435.46","4,435.46","","-0.84%"
"03/03/2016","4,472.83","4,472.83","4,472.83","4,472.83","","0.24%"
"03/02/2016","4,462.17","4,462.17","4,462.17","4,462.17","","-0.49%"
"03/01/2016","4,484.03","4,484.03","4,484.03","4,484.03","","-0.62%"
"02/29/2016","4,511.96","4,511.96","4,511.96","4,511.96","","-0.55%"
"02/28/2016","4,536.84","4,536.84","4,536.84","4,536.84","","-0.67%"
"02/25/2016","4,567.56","4,567.56","4,567.56","4,567.56","","-0.26%"
"02/24/2016","4,579.52","4,579.52","4,579.52","4,579.52","","-0.41%"
"02/23/2016","4,598.34","4,598.34","4,598.34","4,598.34","","0.45%"
"02/22/2016","4,577.61","4,577.61","4,577.61","4,577.61","","-0.22%"
"02/18/2016","4,587.66","4,587.66","4,587.66","4,587.66","","0.15%"
"02/17/2016","4,580.79","4,580.79","4,580.79","4,580.79","","0.04%"
"02/16/2016","4,578.85","4,578.85","4,578.85","4,578.85","","-0.14%"
"02/15/2016","4,585.04","4,585.04","4,585.04","4,585.04","","0.10%"
"02/14/2016","4,580.55","4,580.55","4,580.55","4,580.55","","-0.02%"
"02/11/2016","4,581.34","4,581.34","4,581.34","4,581.34","","0.17%"
"02/10/2016","4,573.42","4,573.42","4,573.42","4,573.42","","0.07%"
"02/09/2016","4,570.01","4,570.01","4,570.01","4,570.01","","0.20%"
"02/08/2016","4,560.76","4,560.76","4,560.76","4,560.76","","-0.43%"
"02/07/2016","4,580.49","4,580.49","4,580.49","4,580.49","","0.21%"
"02/04/2016","4,571.11","4,571.11","4,571.11","4,571.11","","-0.05%"
"02/03/2016","4,573.33","4,573.33","4,573.33","4,573.33","","-0.39%"
"02/02/2016","4,591.09","4,591.09","4,591.09","4,591.09","","0.67%"
"02/01/2016","4,560.42","4,560.42","4,560.42","4,560.42","","0.43%"
"01/31/2016","4,540.89","4,540.89","4,540.89","4,540.89","","-0.71%"
"01/28/2016","4,573.58","4,573.58","4,573.58","4,573.58","","-0.27%"
"01/27/2016","4,585.98","4,585.98","4,585.98","4,585.98","","-0.52%"
"01/26/2016","4,610.11","4,610.11","4,610.11","4,610.11","","-0.22%"
"01/25/2016","4,620.32","4,620.32","4,620.32","4,620.32","","-0.13%"
"01/24/2016","4,626.13","4,626.13","4,626.13","4,626.13","","-0.68%"
"01/21/2016","4,657.94","4,657.94","4,657.94","4,657.94","","-0.25%"
"01/20/2016","4,669.51","4,669.51","4,669.51","4,669.51","","-0.60%"
"01/19/2016","4,697.50","4,697.50","4,697.50","4,697.50","","0.22%"
"01/18/2016","4,687.20","4,687.20","4,687.20","4,687.20","","0.26%"
"01/17/2016","4,674.82","4,674.82","4,674.82","4,674.82","","-0.43%"
"01/14/2016","4,694.95","4,694.95","4,694.95","4,694.95","","0.19%"
"01/13/2016","4,686.05","4,686.05","4,686.05","4,686.05","","0.44%"
"01/12/2016","4,665.43","4,665.43","4,665.43","4,665.43","","0.04%"
"01/11/2016","4,663.62","4,663.62","4,663.62","4,663.62","","-0.24%"
"01/10/2016","4,674.83","4,674.83","4,674.83","4,674.83","","-0.03%"
"01/07/2016","4,676.08","4,676.08","4,676.08","4,676.08","","-0.08%"
"01/06/2016","4,679.80","4,679.80","4,679.80","4,679.80","","0.79%"
"01/05/2016","4,643.25","4,643.25","4,643.25","4,643.25","","0.55%"
"01/04/2016","4,617.73","4,617.73","4,617.73","4,617.73","","-0.14%"
"01/03/2016","4,624.01","4,624.01","4,624.01","4,624.01","","0.41%"
"12/30/2015","4,604.91","4,604.91","4,604.91","4,604.91","","0.18%"
"12/29/2015","4,596.81","4,596.81","4,596.81","4,596.81","","0.10%"
"12/28/2015","4,592.33","4,592.33","4,592.33","4,592.33","","-0.22%"
"12/27/2015","4,602.51","4,602.51","4,602.51","4,602.51","","-0.13%"
"12/24/2015","4,608.32","4,608.32","4,608.32","4,608.32","","0.43%"
"12/23/2015","4,588.74","4,588.74","4,588.74","4,588.74","","-0.11%"
"12/22/2015","4,593.73","4,593.73","4,593.73","4,593.73","","0.32%"
"12/21/2015","4,578.87","4,578.87","4,578.87","4,578.87","","1.49%"
"12/20/2015","4,511.53","4,511.53","4,511.53","4,511.53","","-0.21%"
"12/17/2015","4,520.87","4,520.87","4,520.87","4,520.87","","0.15%"
"12/15/2015","4,513.97","4,513.97","4,513.97","4,513.97","","-0.44%"
"12/14/2015","4,533.91","4,533.91","4,533.91","4,533.91","","-0.19%"
"12/13/2015","4,542.73","4,542.73","4,542.73","4,542.73","","-0.89%"
"12/10/2015","4,583.41","4,583.41","4,583.41","4,583.41","","-0.09%"
"12/09/2015","4,587.37","4,587.37","4,587.37","4,587.37","","-0.13%"
"12/08/2015","4,593.48","4,593.48","4,593.48","4,593.48","","-0.32%"
"12/07/2015","4,608.04","4,608.04","4,608.04","4,608.04","","-1.00%"
"12/06/2015","4,654.74","4,654.74","4,654.74","4,654.74","","0.30%"
"12/03/2015","4,641.03","4,641.03","4,641.03","4,641.03","","0.47%"
"12/02/2015","4,619.51","4,619.51","4,619.51","4,619.51","","-0.05%"
"12/01/2015","4,621.67","4,621.67","4,621.67","4,621.67","","0.89%"
"11/30/2015","4,580.99","4,580.99","4,580.99","4,580.99","","0.01%"
"11/29/2015","4,580.76","4,580.76","4,580.76","4,580.76","","0.15%"
"11/26/2015","4,573.75","4,573.75","4,573.75","4,573.75","","0.13%"
"11/25/2015","4,568.01","4,568.01","4,568.01","4,568.01","","-0.13%"
"11/24/2015","4,574.05","4,574.05","4,574.05","4,574.05","","-0.24%"
"11/23/2015","4,585.10","4,585.10","4,585.10","4,585.10","","-0.14%"
"11/22/2015","4,591.70","4,591.70","4,591.70","4,591.70","","1.33%"
"11/19/2015","4,531.62","4,531.62","4,531.62","4,531.62","","0.78%"
"11/18/2015","4,496.68","4,496.68","4,496.68","4,496.68","","0.01%"
"11/17/2015","4,496.35","4,496.35","4,496.35","4,496.35","","0.46%"
"11/16/2015","4,475.81","4,475.81","4,475.81","4,475.81","","1.17%"
"11/15/2015","4,424.20","4,424.20","4,424.20","4,424.20","","-0.21%"
"11/12/2015","4,433.57","4,433.57","4,433.57","4,433.57","","1.42%"
"11/11/2015","4,371.54","4,371.54","4,371.54","4,371.54","","-0.88%"
"11/10/2015","4,410.57","4,410.57","4,410.57","4,410.57","","-0.14%"
"11/09/2015","4,416.90","4,416.90","4,416.90","4,416.90","","-0.59%"
"11/08/2015","4,443.14","4,443.14","4,443.14","4,443.14","","-1.31%"
"11/05/2015","4,502.16","4,502.16","4,502.16","4,502.16","","-0.20%"
"11/04/2015","4,511.31","4,511.31","4,511.31","4,511.31","","-0.88%"
"11/03/2015","4,551.51","4,551.51","4,551.51","4,551.51","","0.34%"
"11/02/2015","4,536.05","4,536.05","4,536.05","4,536.05","","0.47%"
"11/01/2015","4,514.85","4,514.85","4,514.85","4,514.85","","-1.09%"
"10/29/2015","4,564.48","4,564.48","4,564.48","4,564.48","","-0.33%"
"10/28/2015","4,579.37","4,579.37","4,579.37","4,579.37","","-0.22%"
"10/27/2015","4,589.33","4,589.33","4,589.33","4,589.33","","-0.89%"
"10/26/2015","4,630.57","4,630.57","4,630.57","4,630.57","","-0.40%"
"10/25/2015","4,649.28","4,649.28","4,649.28","4,649.28","","0.03%"
"10/21/2015","4,647.67","4,647.67","4,647.67","4,647.67","","-0.21%"
"10/20/2015","4,657.65","4,657.65","4,657.65","4,657.65","","0.28%"
"10/19/2015","4,644.63","4,644.63","4,644.63","4,644.63","","0.79%"
"10/18/2015","4,608.03","4,608.03","4,608.03","4,608.03","","-1.47%"
"10/15/2015","4,676.62","4,676.62","4,676.62","4,676.62","","-0.84%"
"10/14/2015","4,716.08","4,716.08","4,716.08","4,716.08","","-1.33%"
"10/13/2015","4,779.66","4,779.66","4,779.66","4,779.66","","0.07%"
"10/12/2015","4,776.15","4,776.15","4,776.15","4,776.15","","1.02%"
"10/11/2015","4,728.12","4,728.12","4,728.12","4,728.12","","-1.11%"
"10/08/2015","4,781.36","4,781.36","4,781.36","4,781.36","","-0.40%"
"10/07/2015","4,800.62","4,800.62","4,800.62","4,800.62","","-0.68%"
"10/06/2015","4,833.33","4,833.33","4,833.33","4,833.33","","0.04%"
"10/05/2015","4,831.59","4,831.59","4,831.59","4,831.59","","0.35%"
"10/04/2015","4,814.60","4,814.60","4,814.60","4,814.60","","-0.87%"
"10/01/2015","4,856.96","4,856.96","4,856.96","4,856.96","","0.10%"
"09/30/2015","4,852.08","4,852.08","4,852.08","4,852.08","","-0.02%"
"09/29/2015","4,853.17","4,853.17","4,853.17","4,853.17","","-0.28%"
"09/28/2015","4,866.75","4,866.75","4,866.75","4,866.75","","0.28%"
"09/22/2015","4,853.29","4,853.29","4,853.29","4,853.29","","0.24%"
"09/21/2015","4,841.61","4,841.61","4,841.61","4,841.61","","0.23%"
"09/20/2015","4,830.68","4,830.68","4,830.68","4,830.68","","0.23%"
"09/17/2015","4,819.45","4,819.45","4,819.45","4,819.45","","0.47%"
"09/16/2015","4,796.81","4,796.81","4,796.81","4,796.81","","-0.10%"
"09/15/2015","4,801.80","4,801.80","4,801.80","4,801.80","","0.33%"
"09/14/2015","4,786.19","4,786.19","4,786.19","4,786.19","","0.38%"
"09/13/2015","4,768.30","4,768.30","4,768.30","4,768.30","","0.17%"
"09/10/2015","4,760.14","4,760.14","4,760.14","4,760.14","","0.04%"
"09/09/2015","4,758.43","4,758.43","4,758.43","4,758.43","","-0.54%"
"09/08/2015","4,784.46","4,784.46","4,784.46","4,784.46","","-0.16%"
"09/07/2015","4,791.91","4,791.91","4,791.91","4,791.91","","0.40%"
"09/06/2015","4,772.65","4,772.65","4,772.65","4,772.65","","0.15%"
"09/03/2015","4,765.72","4,765.72","4,765.72","4,765.72","","0.04%"
"09/02/2015","4,763.88","4,763.88","4,763.88","4,763.88","","0.83%"
"09/01/2015","4,724.51","4,724.51","4,724.51","4,724.51","","-0.93%"
"08/31/2015","4,768.66","4,768.66","4,768.66","4,768.66","","-0.47%"
"08/30/2015","4,790.97","4,790.97","4,790.97","4,790.97","","-0.45%"
"08/27/2015","4,812.82","4,812.82","4,812.82","4,812.82","","0.15%"
"08/26/2015","4,805.65","4,805.65","4,805.65","4,805.65","","0.27%"
"08/25/2015","4,792.93","4,792.93","4,792.93","4,792.93","","-0.02%"
"08/24/2015","4,793.99","4,793.99","4,793.99","4,793.99","","-0.78%"
"08/23/2015","4,831.71","4,831.71","4,831.71","4,831.71","","-0.17%"
"08/20/2015","4,840.15","4,840.15","4,840.15","4,840.15","","0.48%"
"08/19/2015","4,816.97","4,816.97","4,816.97","4,816.97","","0.16%"
"08/18/2015","4,809.27","4,809.27","4,809.27","4,809.27","","0.87%"
"08/17/2015","4,768.01","4,768.01","4,768.01","4,768.01","","-0.33%"
"08/16/2015","4,783.80","4,783.80","4,783.80","4,783.80","","-0.52%"
"08/13/2015","4,808.87","4,808.87","4,808.87","4,808.87","","-0.26%"
"08/12/2015","4,821.62","4,821.62","4,821.62","4,821.62","","0.63%"
"08/11/2015","4,791.47","4,791.47","4,791.47","4,791.47","","-0.50%"
"08/10/2015","4,815.63","4,815.63","4,815.63","4,815.63","","-0.59%"
"08/09/2015","4,844.35","4,844.35","4,844.35","4,844.35","","-0.41%"
"08/06/2015","4,864.45","4,864.45","4,864.45","4,864.45","","-0.20%"
"08/05/2015","4,873.96","4,873.96","4,873.96","4,873.96","","0.04%"
"08/04/2015","4,871.81","4,871.81","4,871.81","4,871.81","","0.19%"
"08/03/2015","4,862.55","4,862.55","4,862.55","4,862.55","","1.26%"
"08/02/2015","4,802.02","4,802.02","4,802.02","4,802.02","","0.20%"
"07/30/2015","4,792.30","4,792.30","4,792.30","4,792.30","","0.30%"
"07/29/2015","4,777.90","4,777.90","4,777.90","4,777.90","","-0.40%"
"07/28/2015","4,797.17","4,797.17","4,797.17","4,797.17","","0.46%"
"07/27/2015","4,775.27","4,775.27","4,775.27","4,775.27","","-0.23%"
"07/26/2015","4,786.49","4,786.49","4,786.49","4,786.49","","-0.46%"
"07/23/2015","4,808.39","4,808.39","4,808.39","4,808.39","","1.40%"
"07/22/2015","4,741.97","4,741.97","4,741.97","4,741.97","","0.23%"
"07/21/2015","4,731.31","4,731.31","4,731.31","4,731.31","","1.61%"
"07/14/2015","4,656.13","4,656.13","4,656.13","4,656.13","","0.59%"
"07/13/2015","4,628.85","4,628.85","4,628.85","4,628.85","","0.30%"
"07/12/2015","4,615.19","4,615.19","4,615.19","4,615.19","","0.33%"
"07/09/2015","4,599.91","4,599.91","4,599.91","4,599.91","","0.44%"
"07/08/2015","4,579.72","4,579.72","4,579.72","4,579.72","","0.32%"
"07/07/2015","4,565.24","4,565.24","4,565.24","4,565.24","","0.85%"
"07/06/2015","4,526.71","4,526.71","4,526.71","4,526.71","","-0.20%"
"07/05/2015","4,536.00","4,536.00","4,536.00","4,536.00","","-0.80%"
"07/02/2015","4,572.58","4,572.58","4,572.58","4,572.58","","-0.23%"
"06/30/2015","4,583.10","4,583.10","4,583.10","4,583.10","","1.13%"
"06/29/2015","4,531.98","4,531.98","4,531.98","4,531.98","","0.66%"
"06/28/2015","4,502.22","4,502.22","4,502.22","4,502.22","","1.05%"
"06/25/2015","4,455.28","4,455.28","4,455.28","4,455.28","","-0.04%"
"06/24/2015","4,457.24","4,457.24","4,457.24","4,457.24","","-0.72%"
"06/23/2015","4,489.45","4,489.45","4,489.45","4,489.45","","-0.32%"
"06/22/2015","4,503.98","4,503.98","4,503.98","4,503.98","","-0.17%"
"06/21/2015","4,511.46","4,511.46","4,511.46","4,511.46","","-0.19%"
"06/18/2015","4,519.85","4,519.85","4,519.85","4,519.85","","-0.17%"
"06/17/2015","4,527.41","4,527.41","4,527.41","4,527.41","","0.46%"
"06/16/2015","4,506.71","4,506.71","4,506.71","4,506.71","","0.65%"
"06/15/2015","4,477.55","4,477.55","4,477.55","4,477.55","","0.54%"
"06/14/2015","4,453.36","4,453.36","4,453.36","4,453.36","","-1.37%"
"06/11/2015","4,515.13","4,515.13","4,515.13","4,515.13","","-0.91%"
"06/10/2015","4,556.68","4,556.68","4,556.68","4,556.68","","0.95%"
"06/09/2015","4,513.97","4,513.97","4,513.97","4,513.97","","-0.62%"
"06/08/2015","4,542.27","4,542.27","4,542.27","4,542.27","","-1.63%"
"06/07/2015","4,617.70","4,617.70","4,617.70","4,617.70","","0.57%"
"06/04/2015","4,591.42","4,591.42","4,591.42","4,591.42","","0.10%"
"06/02/2015","4,586.84","4,586.84","4,586.84","4,586.84","","-0.80%"
"06/01/2015","4,623.63","4,623.63","4,623.63","4,623.63","","0.80%"
"05/31/2015","4,586.95","4,586.95","4,586.95","4,586.95","","0.93%"
"05/28/2015","4,544.70","4,544.70","4,544.70","4,544.70","","-1.55%"
"05/27/2015","4,616.12","4,616.12","4,616.12","4,616.12","","-0.24%"
"05/26/2015","4,627.16","4,627.16","4,627.16","4,627.16","","0.26%"
"05/25/2015","4,615.01","4,615.01","4,615.01","4,615.01","","2.86%"
"05/24/2015","4,486.77","4,486.77","4,486.77","4,486.77","","0.08%"
"05/21/2015","4,483.28","4,483.28","4,483.28","4,483.28","","0.62%"
"05/20/2015","4,455.57","4,455.57","4,455.57","4,455.57","","-0.08%"
"05/19/2015","4,459.28","4,459.28","4,459.28","4,459.28","","1.18%"
"05/18/2015","4,407.42","4,407.42","4,407.42","4,407.42","","2.12%"
"05/17/2015","4,315.99","4,315.99","4,315.99","4,315.99","","0.03%"
"05/14/2015","4,314.88","4,314.88","4,314.88","4,314.88","","-0.64%"
"05/13/2015","4,342.66","4,342.66","4,342.66","4,342.66","","0.37%"
"05/12/2015","4,326.61","4,326.61","4,326.61","4,326.61","","-0.52%"
"05/11/2015","4,349.22","4,349.22","4,349.22","4,349.22","","1.69%"
"05/10/2015","4,277.05","4,277.05","4,277.05","4,277.05","","3.75%"
"05/07/2015","4,122.32","4,122.32","4,122.32","4,122.32","","0.79%"
"05/06/2015","4,089.88","4,089.88","4,089.88","4,089.88","","1.88%"
"05/05/2015","4,014.37","4,014.37","4,014.37","4,014.37","","1.38%"
"05/04/2015","3,959.73","3,959.73","3,959.73","3,959.73","","-2.16%"
"04/30/2015","4,047.28","4,047.28","4,047.28","4,047.28","","-1.27%"
"04/29/2015","4,099.20","4,099.20","4,099.20","4,099.20","","-0.47%"
"04/27/2015","4,118.49","4,118.49","4,118.49","4,118.49","","0.59%"
"04/26/2015","4,094.47","4,094.47","4,094.47","4,094.47","","-2.33%"
"04/23/2015","4,192.20","4,192.20","4,192.20","4,192.20","","-1.43%"
"04/22/2015","4,252.94","4,252.94","4,252.94","4,252.94","","-0.71%"
"04/21/2015","4,283.24","4,283.24","4,283.24","4,283.24","","-1.45%"
"04/20/2015","4,346.26","4,346.26","4,346.26","4,346.26","","-0.63%"
"04/19/2015","4,373.65","4,373.65","4,373.65","4,373.65","","0.01%"
"04/16/2015","4,373.33","4,373.33","4,373.33","4,373.33","","0.29%"
"04/15/2015","4,360.49","4,360.49","4,360.49","4,360.49","","1.60%"
"04/13/2015","4,291.62","4,291.62","4,291.62","4,291.62","","-0.32%"
"04/12/2015","4,305.27","4,305.27","4,305.27","4,305.27","","-0.93%"
"04/09/2015","4,345.89","4,345.89","4,345.89","4,345.89","","-0.03%"
"04/08/2015","4,347.13","4,347.13","4,347.13","4,347.13","","0.05%"
"04/07/2015","4,345.03","4,345.03","4,345.03","4,345.03","","-1.19%"
"04/06/2015","4,397.25","4,397.25","4,397.25","4,397.25","","-0.76%"
"04/05/2015","4,431.10","4,431.10","4,431.10","4,431.10","","-0.92%"
"04/02/2015","4,472.13","4,472.13","4,472.13","4,472.13","","-0.91%"
"04/01/2015","4,513.10","4,513.10","4,513.10","4,513.10","","-0.38%"
"03/31/2015","4,530.48","4,530.48","4,530.48","4,530.48","","0.47%"
"03/30/2015","4,509.28","4,509.28","4,509.28","4,509.28","","-1.07%"
"03/29/2015","4,558.08","4,558.08","4,558.08","4,558.08","","1.08%"
"03/25/2015","4,509.30","4,509.30","4,509.30","4,509.30","","0.35%"
"03/24/2015","4,493.40","4,493.40","4,493.40","4,493.40","","-0.29%"
"03/23/2015","4,506.55","4,506.55","4,506.55","4,506.55","","-0.59%"
"03/22/2015","4,533.21","4,533.21","4,533.21","4,533.21","","1.46%"
"03/19/2015","4,468.02","4,468.02","4,468.02","4,468.02","","0.57%"
"03/18/2015","4,442.81","4,442.81","4,442.81","4,442.81","","-0.79%"
"03/16/2015","4,477.99","4,477.99","4,477.99","4,477.99","","-1.29%"
"03/15/2015","4,536.39","4,536.39","4,536.39","4,536.39","","-0.45%"
"03/12/2015","4,556.94","4,556.94","4,556.94","4,556.94","","-0.63%"
"03/11/2015","4,585.72","4,585.72","4,585.72","4,585.72","","-1.37%"
"03/10/2015","4,649.30","4,649.30","4,649.30","4,649.30","","0.50%"
"03/09/2015","4,626.22","4,626.22","4,626.22","4,626.22","","0.03%"
"03/08/2015","4,624.94","4,624.94","4,624.94","4,624.94","","-0.86%"
"03/05/2015","4,664.91","4,664.91","4,664.91","4,664.91","","-0.36%"
"03/04/2015","4,681.53","4,681.53","4,681.53","4,681.53","","-0.30%"
"03/03/2015","4,695.79","4,695.79","4,695.79","4,695.79","","-0.50%"
"03/02/2015","4,719.40","4,719.40","4,719.40","4,719.40","","-0.43%"
"03/01/2015","4,739.65","4,739.65","4,739.65","4,739.65","","-0.49%"
"02/26/2015","4,763.21","4,763.21","4,763.21","4,763.21","","0.44%"
"02/25/2015","4,742.22","4,742.22","4,742.22","4,742.22","","-1.23%"
"02/24/2015","4,801.14","4,801.14","4,801.14","4,801.14","","-0.16%"
"02/23/2015","4,808.64","4,808.64","4,808.64","4,808.64","","0.13%"
"02/22/2015","4,802.17","4,802.17","4,802.17","4,802.17","","0.29%"
"02/19/2015","4,788.23","4,788.23","4,788.23","4,788.23","","-0.29%"
"02/18/2015","4,802.27","4,802.27","4,802.27","4,802.27","","0.04%"
"02/17/2015","4,800.40","4,800.40","4,800.40","4,800.40","","0.65%"
"02/16/2015","4,769.47","4,769.47","4,769.47","4,769.47","","-1.28%"
"02/15/2015","4,831.17","4,831.17","4,831.17","4,831.17","","-0.22%"
"02/12/2015","4,841.72","4,841.72","4,841.72","4,841.72","","0.65%"
"02/11/2015","4,810.53","4,810.53","4,810.53","4,810.53","","0.50%"
"02/10/2015","4,786.69","4,786.69","4,786.69","4,786.69","","1.57%"
"02/09/2015","4,712.56","4,712.56","4,712.56","4,712.56","","0.23%"
"02/08/2015","4,701.60","4,701.60","4,701.60","4,701.60","","0.35%"
"02/05/2015","4,685.03","4,685.03","4,685.03","4,685.03","","0.36%"
"02/04/2015","4,668.05","4,668.05","4,668.05","4,668.05","","0.25%"
"02/03/2015","4,656.47","4,656.47","4,656.47","4,656.47","","0.82%"
"02/02/2015","4,618.43","4,618.43","4,618.43","4,618.43","","-0.78%"
"02/01/2015","4,654.95","4,654.95","4,654.95","4,654.95","","-1.46%"
"01/29/2015","4,724.04","4,724.04","4,724.04","4,724.04","","-0.50%"
"01/28/2015","4,747.63","4,747.63","4,747.63","4,747.63","","-0.20%"
"01/27/2015","4,757.10","4,757.10","4,757.10","4,757.10","","1.04%"
"01/26/2015","4,708.33","4,708.33","4,708.33","4,708.33","","-0.18%"
"01/25/2015","4,716.76","4,716.76","4,716.76","4,716.76","","-1.69%"
"01/22/2015","4,797.95","4,797.95","4,797.95","4,797.95","","0.31%"
"01/21/2015","4,783.21","4,783.21","4,783.21","4,783.21","","-1.52%"
"01/20/2015","4,856.94","4,856.94","4,856.94","4,856.94","","-0.21%"
"01/19/2015","4,867.08","4,867.08","4,867.08","4,867.08","","-1.02%"
"01/18/2015","4,917.37","4,917.37","4,917.37","4,917.37","","-0.78%"
"01/15/2015","4,956.09","4,956.09","4,956.09","4,956.09","","0.09%"
"01/14/2015","4,951.68","4,951.68","4,951.68","4,951.68","","-0.36%"
"01/13/2015","4,969.73","4,969.73","4,969.73","4,969.73","","0.26%"
"01/12/2015","4,956.92","4,956.92","4,956.92","4,956.92","","0.26%"
"01/11/2015","4,943.99","4,943.99","4,943.99","4,943.99","","-0.50%"
"01/08/2015","4,968.71","4,968.71","4,968.71","4,968.71","","0.10%"
"01/07/2015","4,963.66","4,963.66","4,963.66","4,963.66","","-0.12%"
"01/06/2015","4,969.67","4,969.67","4,969.67","4,969.67","","0.88%"
"01/05/2015","4,926.40","4,926.40","4,926.40","4,926.40","","-0.31%"
"01/01/2015","4,941.51","4,941.51","4,941.51","4,941.51","","1.57%"
"12/30/2014","4,864.96","4,864.96","4,864.96","4,864.96","","1.06%"
"12/29/2014","4,814.16","4,814.16","4,814.16","4,814.16","","0.27%"
"12/28/2014","4,801.34","4,801.34","4,801.34","4,801.34","","-0.46%"
"12/24/2014","4,823.57","4,823.57","4,823.57","4,823.57","","-0.31%"
"12/23/2014","4,838.63","4,838.63","4,838.63","4,838.63","","-0.61%"
"12/22/2014","4,868.47","4,868.47","4,868.47","4,868.47","","0.39%"
"12/21/2014","4,849.68","4,849.68","4,849.68","4,849.68","","-0.14%"
"12/18/2014","4,856.41","4,856.41","4,856.41","4,856.41","","0.38%"
"12/17/2014","4,837.92","4,837.92","4,837.92","4,837.92","","-0.83%"
"12/15/2014","4,878.65","4,878.65","4,878.65","4,878.65","","-0.29%"
"12/14/2014","4,892.95","4,892.95","4,892.95","4,892.95","","-0.81%"
"12/11/2014","4,933.03","4,933.03","4,933.03","4,933.03","","-0.22%"
"12/10/2014","4,943.72","4,943.72","4,943.72","4,943.72","","-0.01%"
"12/09/2014","4,944.03","4,944.03","4,944.03","4,944.03","","0.27%"
"12/08/2014","4,930.82","4,930.82","4,930.82","4,930.82","","0.01%"
"12/07/2014","4,930.37","4,930.37","4,930.37","4,930.37","","-0.63%"
"12/04/2014","4,961.84","4,961.84","4,961.84","4,961.84","","-0.60%"
"12/03/2014","4,992.00","4,992.00","4,992.00","4,992.00","","1.20%"
"12/02/2014","4,932.89","4,932.89","4,932.89","4,932.89","","1.32%"
"12/01/2014","4,868.64","4,868.64","4,868.64","4,868.64","","2.08%"
"11/30/2014","4,769.42","4,769.42","4,769.42","4,769.42","","-0.07%"
"11/27/2014","4,772.55","4,772.55","4,772.55","4,772.55","","0.34%"
"11/26/2014","4,756.61","4,756.61","4,756.61","4,756.61","","-1.00%"
"11/25/2014","4,804.45","4,804.45","4,804.45","4,804.45","","0.75%"
"11/24/2014","4,768.90","4,768.90","4,768.90","4,768.90","","-1.43%"
"11/23/2014","4,838.11","4,838.11","4,838.11","4,838.11","","-1.26%"
"11/20/2014","4,899.60","4,899.60","4,899.60","4,899.60","","-0.54%"
"11/19/2014","4,926.23","4,926.23","4,926.23","4,926.23","","0.56%"
"11/18/2014","4,898.82","4,898.82","4,898.82","4,898.82","","-0.38%"
"11/17/2014","4,917.42","4,917.42","4,917.42","4,917.42","","-0.94%"
"11/16/2014","4,963.89","4,963.89","4,963.89","4,963.89","","-0.41%"
"11/13/2014","4,984.46","4,984.46","4,984.46","4,984.46","","-0.42%"
"11/12/2014","5,005.65","5,005.65","5,005.65","5,005.65","","1.44%"
"11/11/2014","4,934.78","4,934.78","4,934.78","4,934.78","","0.41%"
"11/10/2014","4,914.71","4,914.71","4,914.71","4,914.71","","-0.48%"
"11/09/2014","4,938.65","4,938.65","4,938.65","4,938.65","","-1.72%"
"11/06/2014","5,025.10","5,025.10","5,025.10","5,025.10","","0.16%"
"11/05/2014","5,017.22","5,017.22","5,017.22","5,017.22","","-0.95%"
"11/03/2014","5,065.14","5,065.14","5,065.14","5,065.14","","-0.79%"
"11/02/2014","5,105.22","5,105.22","5,105.22","5,105.22","","-1.31%"
"10/30/2014","5,173.23","5,173.23","5,173.23","5,173.23","","1.25%"
"10/29/2014","5,109.42","5,109.42","5,109.42","5,109.42","","-0.38%"
"10/28/2014","5,128.84","5,128.84","5,128.84","5,128.84","","-0.55%"
"10/27/2014","5,157.24","5,157.24","5,157.24","5,157.24","","0.89%"
"10/26/2014","5,111.63","5,111.63","5,111.63","5,111.63","","-0.82%"
"10/23/2014","5,154.10","5,154.10","5,154.10","5,154.10","","-0.31%"
"10/22/2014","5,170.15","5,170.15","5,170.15","5,170.15","","-1.22%"
"10/21/2014","5,233.82","5,233.82","5,233.82","5,233.82","","1.74%"
"10/20/2014","5,144.50","5,144.50","5,144.50","5,144.50","","-0.62%"
"10/19/2014","5,176.75","5,176.75","5,176.75","5,176.75","","-2.06%"
"10/16/2014","5,285.83","5,285.83","5,285.83","5,285.83","","-0.55%"
"10/15/2014","5,315.11","5,315.11","5,315.11","5,315.11","","0.43%"
"10/14/2014","5,292.60","5,292.60","5,292.60","5,292.60","","-0.31%"
"10/13/2014","5,309.24","5,309.24","5,309.24","5,309.24","","-0.46%"
"10/12/2014","5,334.03","5,334.03","5,334.03","5,334.03","","1.84%"
"10/02/2014","5,237.72","5,237.72","5,237.72","5,237.72","","1.64%"
"10/01/2014","5,153.26","5,153.26","5,153.26","5,153.26","","1.56%"
"09/30/2014","5,074.30","5,074.30","5,074.30","5,074.30","","0.47%"
"09/29/2014","5,050.34","5,050.34","5,050.34","5,050.34","","-0.43%"
"09/28/2014","5,072.20","5,072.20","5,072.20","5,072.20","","0.90%"
"09/25/2014","5,026.92","5,026.92","5,026.92","5,026.92","","0.95%"
"09/24/2014","4,979.72","4,979.72","4,979.72","4,979.72","","0.25%"
"09/23/2014","4,967.11","4,967.11","4,967.11","4,967.11","","0.86%"
"09/22/2014","4,924.52","4,924.52","4,924.52","4,924.52","","0.23%"
"09/21/2014","4,913.24","4,913.24","4,913.24","4,913.24","","0.97%"
"09/18/2014","4,866.19","4,866.19","4,866.19","4,866.19","","1.41%"
"09/17/2014","4,798.39","4,798.39","4,798.39","4,798.39","","0.82%"
"09/16/2014","4,759.39","4,759.39","4,759.39","4,759.39","","1.05%"
"09/15/2014","4,709.91","4,709.91","4,709.91","4,709.91","","-0.08%"
"09/14/2014","4,713.58","4,713.58","4,713.58","4,713.58","","0.81%"
"09/11/2014","4,675.91","4,675.91","4,675.91","4,675.91","","0.27%"
"09/10/2014","4,663.13","4,663.13","4,663.13","4,663.13","","0.34%"
"09/09/2014","4,647.43","4,647.43","4,647.43","4,647.43","","0.83%"
"09/08/2014","4,608.95","4,608.95","4,608.95","4,608.95","","-0.70%"
"09/07/2014","4,641.45","4,641.45","4,641.45","4,641.45","","-0.02%"
"09/04/2014","4,642.37","4,642.37","4,642.37","4,642.37","","0.21%"
"09/03/2014","4,632.46","4,632.46","4,632.46","4,632.46","","0.65%"
"09/02/2014","4,602.43","4,602.43","4,602.43","4,602.43","","1.04%"
"09/01/2014","4,554.97","4,554.97","4,554.97","4,554.97","","0.12%"
"08/31/2014","4,549.51","4,549.51","4,549.51","4,549.51","","-0.62%"
"08/28/2014","4,577.99","4,577.99","4,577.99","4,577.99","","-0.47%"
"08/27/2014","4,599.46","4,599.46","4,599.46","4,599.46","","0.19%"
"08/26/2014","4,590.65","4,590.65","4,590.65","4,590.65","","0.58%"
"08/25/2014","4,564.34","4,564.34","4,564.34","4,564.34","","0.52%"
"08/24/2014","4,540.60","4,540.60","4,540.60","4,540.60","","-0.14%"
"08/21/2014","4,547.05","4,547.05","4,547.05","4,547.05","","-0.15%"
"08/20/2014","4,553.86","4,553.86","4,553.86","4,553.86","","-0.49%"
"08/19/2014","4,576.36","4,576.36","4,576.36","4,576.36","","0.49%"
"08/18/2014","4,554.14","4,554.14","4,554.14","4,554.14","","-0.01%"
"08/14/2014","4,554.51","4,554.51","4,554.51","4,554.51","","0.60%"
"08/13/2014","4,527.21","4,527.21","4,527.21","4,527.21","","0.02%"
"08/12/2014","4,526.49","4,526.49","4,526.49","4,526.49","","-0.85%"
"08/11/2014","4,565.13","4,565.13","4,565.13","4,565.13","","0.76%"
"08/10/2014","4,530.83","4,530.83","4,530.83","4,530.83","","1.00%"
"08/07/2014","4,486.19","4,486.19","4,486.19","4,486.19","","0.03%"
"08/06/2014","4,484.90","4,484.90","4,484.90","4,484.90","","0.28%"
"08/05/2014","4,472.17","4,472.17","4,472.17","4,472.17","","0.12%"
"08/04/2014","4,467.00","4,467.00","4,467.00","4,467.00","","1.05%"
"08/03/2014","4,420.61","4,420.61","4,420.61","4,420.61","","-0.15%"
"07/24/2014","4,427.15","4,427.15","4,427.15","4,427.15","","0.88%"
"07/23/2014","4,388.68","4,388.68","4,388.68","4,388.68","","-0.81%"
"07/22/2014","4,424.60","4,424.60","4,424.60","4,424.60","","0.67%"
"07/21/2014","4,394.94","4,394.94","4,394.94","4,394.94","","0.47%"
"07/20/2014","4,374.19","4,374.19","4,374.19","4,374.19","","-0.41%"
"07/17/2014","4,392.15","4,392.15","4,392.15","4,392.15","","0.06%"
"07/16/2014","4,389.35","4,389.35","4,389.35","4,389.35","","0.61%"
"07/15/2014","4,362.78","4,362.78","4,362.78","4,362.78","","-0.32%"
"07/14/2014","4,376.89","4,376.89","4,376.89","4,376.89","","0.75%"
"07/13/2014","4,344.36","4,344.36","4,344.36","4,344.36","","-0.43%"
"07/10/2014","4,363.08","4,363.08","4,363.08","4,363.08","","-0.18%"
"07/09/2014","4,371.00","4,371.00","4,371.00","4,371.00","","-0.13%"
"07/08/2014","4,376.52","4,376.52","4,376.52","4,376.52","","-0.01%"
"07/07/2014","4,376.77","4,376.77","4,376.77","4,376.77","","-0.78%"
"07/06/2014","4,411.15","4,411.15","4,411.15","4,411.15","","-0.56%"
"07/03/2014","4,436.20","4,436.20","4,436.20","4,436.20","","-0.68%"
"07/02/2014","4,466.61","4,466.61","4,466.61","4,466.61","","-0.31%"
"06/30/2014","4,480.52","4,480.52","4,480.52","4,480.52","","-0.15%"
"06/29/2014","4,487.07","4,487.07","4,487.07","4,487.07","","1.76%"
"06/26/2014","4,409.42","4,409.42","4,409.42","4,409.42","","0.13%"
"06/25/2014","4,403.64","4,403.64","4,403.64","4,403.64","","0.24%"
"06/24/2014","4,392.94","4,392.94","4,392.94","4,392.94","","0.57%"
"06/23/2014","4,367.89","4,367.89","4,367.89","4,367.89","","1.06%"
"06/22/2014","4,322.26","4,322.26","4,322.26","4,322.26","","-0.14%"
"06/19/2014","4,328.40","4,328.40","4,328.40","4,328.40","","-0.28%"
"06/18/2014","4,340.46","4,340.46","4,340.46","4,340.46","","0.04%"
"06/17/2014","4,338.87","4,338.87","4,338.87","4,338.87","","-0.46%"
"06/16/2014","4,358.75","4,358.75","4,358.75","4,358.75","","-0.06%"
"06/15/2014","4,361.58","4,361.58","4,361.58","4,361.58","","-1.07%"
"06/12/2014","4,408.80","4,408.80","4,408.80","4,408.80","","-0.05%"
"06/11/2014","4,411.17","4,411.17","4,411.17","4,411.17","","0.21%"
"06/10/2014","4,401.88","4,401.88","4,401.88","4,401.88","","-0.32%"
"06/09/2014","4,415.96","4,415.96","4,415.96","4,415.96","","1.60%"
"06/08/2014","4,346.33","4,346.33","4,346.33","4,346.33","","-1.14%"
"06/05/2014","4,396.54","4,396.54","4,396.54","4,396.54","","-0.10%"
"06/04/2014","4,401.00","4,401.00","4,401.00","4,401.00","","-0.40%"
"06/03/2014","4,418.79","4,418.79","4,418.79","4,418.79","","-0.64%"
"06/02/2014","4,447.45","4,447.45","4,447.45","4,447.45","","-0.03%"
"06/01/2014","4,448.57","4,448.57","4,448.57","4,448.57","","0.41%"
"05/29/2014","4,430.47","4,430.47","4,430.47","4,430.47","","-0.01%"
"05/28/2014","4,430.98","4,430.98","4,430.98","4,430.98","","0.34%"
"05/27/2014","4,415.75","4,415.75","4,415.75","4,415.75","","0.85%"
"05/26/2014","4,378.34","4,378.34","4,378.34","4,378.34","","0.00%"
"05/25/2014","4,378.25","4,378.25","4,378.25","4,378.25","","-0.13%"
"05/22/2014","4,384.06","4,384.06","4,384.06","4,384.06","","-0.60%"
"05/21/2014","4,410.63","4,410.63","4,410.63","4,410.63","","1.08%"
"05/20/2014","4,363.49","4,363.49","4,363.49","4,363.49","","-0.02%"
"05/19/2014","4,364.27","4,364.27","4,364.27","4,364.27","","-0.87%"
"05/18/2014","4,402.50","4,402.50","4,402.50","4,402.50","","-0.33%"
"05/15/2014","4,416.95","4,416.95","4,416.95","4,416.95","","-0.91%"
"05/14/2014","4,457.49","4,457.49","4,457.49","4,457.49","","-0.88%"
"05/12/2014","4,497.12","4,497.12","4,497.12","4,497.12","","-0.03%"
"05/11/2014","4,498.34","4,498.34","4,498.34","4,498.34","","-1.25%"
"05/08/2014","4,555.11","4,555.11","4,555.11","4,555.11","","-0.45%"
"05/07/2014","4,575.50","4,575.50","4,575.50","4,575.50","","0.27%"
"05/06/2014","4,562.96","4,562.96","4,562.96","4,562.96","","1.25%"
"05/05/2014","4,506.44","4,506.44","4,506.44","4,506.44","","0.04%"
"05/04/2014","4,504.77","4,504.77","4,504.77","4,504.77","","-1.36%"
"04/30/2014","4,566.85","4,566.85","4,566.85","4,566.85","","0.00%"
"04/29/2014","4,567.04","4,567.04","4,567.04","4,567.04","","-1.25%"
"04/28/2014","4,624.75","4,624.75","4,624.75","4,624.75","","-0.89%"
"04/27/2014","4,666.41","4,666.41","4,666.41","4,666.41","","-0.77%"
"04/24/2014","4,702.45","4,702.45","4,702.45","4,702.45","","0.18%"
"04/23/2014","4,694.21","4,694.21","4,694.21","4,694.21","","0.73%"
"04/22/2014","4,659.99","4,659.99","4,659.99","4,659.99","","0.24%"
"04/21/2014","4,648.75","4,648.75","4,648.75","4,648.75","","0.70%"
"04/20/2014","4,616.44","4,616.44","4,616.44","4,616.44","","0.38%"
"04/17/2014","4,598.91","4,598.91","4,598.91","4,598.91","","0.19%"
"04/16/2014","4,590.14","4,590.14","4,590.14","4,590.14","","-0.36%"
"04/15/2014","4,606.75","4,606.75","4,606.75","4,606.75","","0.73%"
"04/13/2014","4,573.56","4,573.56","4,573.56","4,573.56","","-0.42%"
"04/10/2014","4,592.73","4,592.73","4,592.73","4,592.73","","-0.03%"
"04/09/2014","4,594.33","4,594.33","4,594.33","4,594.33","","0.16%"
"04/08/2014","4,586.91","4,586.91","4,586.91","4,586.91","","-0.46%"
"04/07/2014","4,608.29","4,608.29","4,608.29","4,608.29","","0.43%"
"04/06/2014","4,588.78","4,588.78","4,588.78","4,588.78","","-0.70%"
"04/03/2014","4,621.22","4,621.22","4,621.22","4,621.22","","0.55%"
"04/02/2014","4,595.80","4,595.80","4,595.80","4,595.80","","1.52%"
"04/01/2014","4,526.94","4,526.94","4,526.94","4,526.94","","0.78%"
"03/31/2014","4,491.98","4,491.98","4,491.98","4,491.98","","0.30%"
"03/30/2014","4,478.68","4,478.68","4,478.68","4,478.68","","-0.65%"
"03/27/2014","4,508.05","4,508.05","4,508.05","4,508.05","","0.21%"
"03/25/2014","4,498.77","4,498.77","4,498.77","4,498.77","","0.73%"
"03/24/2014","4,466.08","4,466.08","4,466.08","4,466.08","","-1.18%"
"03/23/2014","4,519.54","4,519.54","4,519.54","4,519.54","","-0.86%"
"03/20/2014","4,558.93","4,558.93","4,558.93","4,558.93","","0.88%"
"03/19/2014","4,519.02","4,519.02","4,519.02","4,519.02","","-0.79%"
"03/18/2014","4,554.78","4,554.78","4,554.78","4,554.78","","-0.79%"
"03/16/2014","4,591.17","4,591.17","4,591.17","4,591.17","","-0.95%"
"03/13/2014","4,635.33","4,635.33","4,635.33","4,635.33","","-0.54%"
"03/12/2014","4,660.52","4,660.52","4,660.52","4,660.52","","-0.26%"
"03/11/2014","4,672.63","4,672.63","4,672.63","4,672.63","","0.15%"
"03/10/2014","4,665.56","4,665.56","4,665.56","4,665.56","","-0.46%"
"03/09/2014","4,687.19","4,687.19","4,687.19","4,687.19","","-0.26%"
"03/06/2014","4,699.62","4,699.62","4,699.62","4,699.62","","0.04%"
"03/05/2014","4,697.54","4,697.54","4,697.54","4,697.54","","-0.13%"
"03/04/2014","4,703.87","4,703.87","4,703.87","4,703.87","","0.36%"
"03/03/2014","4,687.19","4,687.19","4,687.19","4,687.19","","-0.22%"
"03/02/2014","4,697.30","4,697.30","4,697.30","4,697.30","","-1.11%"
"02/27/2014","4,749.86","4,749.86","4,749.86","4,749.86","","-0.01%"
"02/26/2014","4,750.26","4,750.26","4,750.26","4,750.26","","-0.14%"
"02/25/2014","4,756.88","4,756.88","4,756.88","4,756.88","","0.11%"
"02/24/2014","4,751.58","4,751.58","4,751.58","4,751.58","","0.51%"
"02/23/2014","4,727.44","4,727.44","4,727.44","4,727.44","","-0.71%"
"02/20/2014","4,761.18","4,761.18","4,761.18","4,761.18","","0.25%"
"02/19/2014","4,749.23","4,749.23","4,749.23","4,749.23","","1.66%"
"02/18/2014","4,671.56","4,671.56","4,671.56","4,671.56","","-0.27%"
"02/17/2014","4,684.07","4,684.07","4,684.07","4,684.07","","-0.63%"
"02/16/2014","4,713.87","4,713.87","4,713.87","4,713.87","","-0.95%"
"02/13/2014","4,759.32","4,759.32","4,759.32","4,759.32","","-0.09%"
"02/12/2014","4,763.71","4,763.71","4,763.71","4,763.71","","0.01%"
"02/11/2014","4,763.46","4,763.46","4,763.46","4,763.46","","-0.72%"
"02/10/2014","4,797.97","4,797.97","4,797.97","4,797.97","","-0.51%"
"02/09/2014","4,822.71","4,822.71","4,822.71","4,822.71","","-0.46%"
"02/06/2014","4,845.08","4,845.08","4,845.08","4,845.08","","0.70%"
"02/05/2014","4,811.49","4,811.49","4,811.49","4,811.49","","0.04%"
"02/04/2014","4,809.54","4,809.54","4,809.54","4,809.54","","-0.35%"
"02/03/2014","4,826.51","4,826.51","4,826.51","4,826.51","","0.81%"
"02/02/2014","4,787.66","4,787.66","4,787.66","4,787.66","","0.73%"
"01/30/2014","4,753.17","4,753.17","4,753.17","4,753.17","","0.10%"
"01/29/2014","4,748.51","4,748.51","4,748.51","4,748.51","","0.89%"
"01/28/2014","4,706.54","4,706.54","4,706.54","4,706.54","","-0.95%"
"01/27/2014","4,751.61","4,751.61","4,751.61","4,751.61","","-0.14%"
"01/26/2014","4,758.37","4,758.37","4,758.37","4,758.37","","1.18%"
"01/23/2014","4,702.66","4,702.66","4,702.66","4,702.66","","1.34%"
"01/22/2014","4,640.55","4,640.55","4,640.55","4,640.55","","1.22%"
"01/21/2014","4,584.62","4,584.62","4,584.62","4,584.62","","0.75%"
"01/20/2014","4,550.47","4,550.47","4,550.47","4,550.47","","-0.33%"
"01/19/2014","4,565.40","4,565.40","4,565.40","4,565.40","","1.02%"
"01/16/2014","4,519.35","4,519.35","4,519.35","4,519.35","","0.56%"
"01/15/2014","4,494.02","4,494.02","4,494.02","4,494.02","","0.88%"
"01/13/2014","4,454.83","4,454.83","4,454.83","4,454.83","","0.38%"
"01/12/2014","4,437.81","4,437.81","4,437.81","4,437.81","","0.68%"
"01/09/2014","4,407.82","4,407.82","4,407.82","4,407.82","","0.38%"
"01/08/2014","4,391.27","4,391.27","4,391.27","4,391.27","","1.40%"
"01/07/2014","4,330.63","4,330.63","4,330.63","4,330.63","","0.80%"
"01/06/2014","4,296.34","4,296.34","4,296.34","4,296.34","","-0.41%"
"01/02/2014","4,314.09","4,314.09","4,314.09","4,314.09","","0.65%"
"01/01/2014","4,286.15","4,286.15","4,286.15","4,286.15","","0.46%"
"12/30/2013","4,266.55","4,266.55","4,266.55","4,266.55","","1.35%"
"12/29/2013","4,209.69","4,209.69","4,209.69","4,209.69","","0.21%"
"12/26/2013","4,200.96","4,200.96","4,200.96","4,200.96","","-0.66%"
"12/24/2013","4,228.90","4,228.90","4,228.90","4,228.90","","-0.85%"
"12/23/2013","4,265.24","4,265.24","4,265.24","4,265.24","","-0.55%"
"12/22/2013","4,288.86","4,288.86","4,288.86","4,288.86","","1.04%"
"12/19/2013","4,244.63","4,244.63","4,244.63","4,244.63","","0.11%"
"12/18/2013","4,240.12","4,240.12","4,240.12","4,240.12","","-0.71%"
"12/17/2013","4,270.58","4,270.58","4,270.58","4,270.58","","-0.24%"
"12/15/2013","4,280.72","4,280.72","4,280.72","4,280.72","","-0.44%"
"12/12/2013","4,299.58","4,299.58","4,299.58","4,299.58","","-0.79%"
"12/11/2013","4,333.79","4,333.79","4,333.79","4,333.79","","0.10%"
"12/10/2013","4,329.53","4,329.53","4,329.53","4,329.53","","0.93%"
"12/09/2013","4,289.82","4,289.82","4,289.82","4,289.82","","-0.30%"
"12/08/2013","4,302.56","4,302.56","4,302.56","4,302.56","","0.59%"
"12/05/2013","4,277.39","4,277.39","4,277.39","4,277.39","","-0.39%"
"12/04/2013","4,294.22","4,294.22","4,294.22","4,294.22","","-0.38%"
"12/03/2013","4,310.72","4,310.72","4,310.72","4,310.72","","2.69%"
"12/02/2013","4,197.92","4,197.92","4,197.92","4,197.92","","1.22%"
"12/01/2013","4,147.20","4,147.20","4,147.20","4,147.20","","-1.97%"
"11/28/2013","4,230.72","4,230.72","4,230.72","4,230.72","","-0.89%"
"11/27/2013","4,268.65","4,268.65","4,268.65","4,268.65","","-0.21%"
"11/26/2013","4,277.54","4,277.54","4,277.54","4,277.54","","-1.78%"
"11/25/2013","4,354.88","4,354.88","4,354.88","4,354.88","","0.70%"
"11/24/2013","4,324.70","4,324.70","4,324.70","4,324.70","","-1.62%"
"11/21/2013","4,395.93","4,395.93","4,395.93","4,395.93","","-0.98%"
"11/20/2013","4,439.59","4,439.59","4,439.59","4,439.59","","1.33%"
"11/19/2013","4,381.37","4,381.37","4,381.37","4,381.37","","2.38%"
"11/18/2013","4,279.42","4,279.42","4,279.42","4,279.42","","0.54%"
"11/17/2013","4,256.42","4,256.42","4,256.42","4,256.42","","0.35%"
"11/14/2013","4,241.54","4,241.54","4,241.54","4,241.54","","0.68%"
"11/13/2013","4,212.72","4,212.72","4,212.72","4,212.72","","0.36%"
"11/12/2013","4,197.71","4,197.71","4,197.71","4,197.71","","-0.02%"
"11/11/2013","4,198.50","4,198.50","4,198.50","4,198.50","","-1.09%"
"11/10/2013","4,244.70","4,244.70","4,244.70","4,244.70","","1.05%"
"11/07/2013","4,200.80","4,200.80","4,200.80","4,200.80","","2.16%"
"11/06/2013","4,111.96","4,111.96","4,111.96","4,111.96","","0.53%"
"11/05/2013","4,090.12","4,090.12","4,090.12","4,090.12","","0.12%"
"11/04/2013","4,085.20","4,085.20","4,085.20","4,085.20","","2.30%"
"11/03/2013","3,993.33","3,993.33","3,993.33","3,993.33","","0.65%"
"10/31/2013","3,967.72","3,967.72","3,967.72","3,967.72","","0.55%"
"10/30/2013","3,946.01","3,946.01","3,946.01","3,946.01","","-1.08%"
"10/29/2013","3,989.14","3,989.14","3,989.14","3,989.14","","0.95%"
"10/28/2013","3,951.50","3,951.50","3,951.50","3,951.50","","1.08%"
"10/27/2013","3,909.14","3,909.14","3,909.14","3,909.14","","2.89%"
"10/24/2013","3,799.27","3,799.27","3,799.27","3,799.27","","-2.18%"
"10/23/2013","3,883.86","3,883.86","3,883.86","3,883.86","","1.81%"
"10/22/2013","3,814.66","3,814.66","3,814.66","3,814.66","","1.35%"
"10/21/2013","3,763.88","3,763.88","3,763.88","3,763.88","","-0.21%"
"10/20/2013","3,771.68","3,771.68","3,771.68","3,771.68","","-1.87%"
"10/10/2013","3,843.55","3,843.55","3,843.55","3,843.55","","0.58%"
"10/09/2013","3,821.56","3,821.56","3,821.56","3,821.56","","0.77%"
"10/08/2013","3,792.35","3,792.35","3,792.35","3,792.35","","-1.68%"
"10/07/2013","3,857.25","3,857.25","3,857.25","3,857.25","","-0.65%"
"10/06/2013","3,882.33","3,882.33","3,882.33","3,882.33","","-1.67%"
"10/03/2013","3,948.44","3,948.44","3,948.44","3,948.44","","-0.15%"
"10/02/2013","3,954.48","3,954.48","3,954.48","3,954.48","","0.66%"
"10/01/2013","3,928.48","3,928.48","3,928.48","3,928.48","","-0.23%"
"09/30/2013","3,937.68","3,937.68","3,937.68","3,937.68","","-0.78%"
"09/29/2013","3,968.79","3,968.79","3,968.79","3,968.79","","-1.11%"
"09/26/2013","4,013.37","4,013.37","4,013.37","4,013.37","","0.19%"
"09/25/2013","4,005.92","4,005.92","4,005.92","4,005.92","","-0.60%"
"09/24/2013","4,030.09","4,030.09","4,030.09","4,030.09","","0.22%"
"09/23/2013","4,021.08","4,021.08","4,021.08","4,021.08","","-0.39%"
"09/22/2013","4,036.78","4,036.78","4,036.78","4,036.78","","-1.49%"
"09/19/2013","4,097.71","4,097.71","4,097.71","4,097.71","","-0.45%"
"09/18/2013","4,116.16","4,116.16","4,116.16","4,116.16","","-0.06%"
"09/17/2013","4,118.81","4,118.81","4,118.81","4,118.81","","-0.46%"
"09/16/2013","4,137.93","4,137.93","4,137.93","4,137.93","","0.34%"
"09/15/2013","4,123.90","4,123.90","4,123.90","4,123.90","","1.13%"
"09/12/2013","4,077.94","4,077.94","4,077.94","4,077.94","","0.02%"
"09/11/2013","4,076.96","4,076.96","4,076.96","4,076.96","","0.08%"
"09/10/2013","4,073.63","4,073.63","4,073.63","4,073.63","","0.06%"
"09/09/2013","4,071.16","4,071.16","4,071.16","4,071.16","","-0.15%"
"09/08/2013","4,077.36","4,077.36","4,077.36","4,077.36","","-1.00%"
"09/05/2013","4,118.49","4,118.49","4,118.49","4,118.49","","-0.23%"
"09/04/2013","4,128.18","4,128.18","4,128.18","4,128.18","","0.01%"
"09/03/2013","4,127.61","4,127.61","4,127.61","4,127.61","","0.66%"
"09/02/2013","4,100.35","4,100.35","4,100.35","4,100.35","","-0.96%"
"09/01/2013","4,140.30","4,140.30","4,140.30","4,140.30","","0.31%"
"08/29/2013","4,127.48","4,127.48","4,127.48","4,127.48","","-0.11%"
"08/27/2013","4,132.13","4,132.13","4,132.13","4,132.13","","-0.05%"
"08/26/2013","4,134.12","4,134.12","4,134.12","4,134.12","","-0.70%"
"08/25/2013","4,163.18","4,163.18","4,163.18","4,163.18","","0.92%"
"08/22/2013","4,125.27","4,125.27","4,125.27","4,125.27","","1.39%"
"08/21/2013","4,068.72","4,068.72","4,068.72","4,068.72","","-0.34%"
"08/20/2013","4,082.67","4,082.67","4,082.67","4,082.67","","-0.03%"
"08/19/2013","4,083.91","4,083.91","4,083.91","4,083.91","","1.24%"
"08/18/2013","4,033.77","4,033.77","4,033.77","4,033.77","","1.26%"
"08/14/2013","3,983.46","3,983.46","3,983.46","3,983.46","","0.10%"
"08/13/2013","3,979.35","3,979.35","3,979.35","3,979.35","","1.60%"
"08/12/2013","3,916.83","3,916.83","3,916.83","3,916.83","","0.64%"
"08/05/2013","3,891.97","3,891.97","3,891.97","3,891.97","","-0.51%"
"08/01/2013","3,911.75","3,911.75","3,911.75","3,911.75","","-0.74%"
"07/31/2013","3,940.80","3,940.80","3,940.80","3,940.80","","-0.41%"
"07/30/2013","3,957.20","3,957.20","3,957.20","3,957.20","","-0.45%"
"07/29/2013","3,975.12","3,975.12","3,975.12","3,975.12","","1.41%"
"07/28/2013","3,919.72","3,919.72","3,919.72","3,919.72","","-1.49%"
"07/25/2013","3,979.19","3,979.19","3,979.19","3,979.19","","-2.39%"
"07/24/2013","4,076.50","4,076.50","4,076.50","4,076.50","","3.74%"
"07/23/2013","3,929.57","3,929.57","3,929.57","3,929.57","","-3.09%"
"07/22/2013","4,054.74","4,054.74","4,054.74","4,054.74","","-0.86%"
"07/21/2013","4,090.02","4,090.02","4,090.02","4,090.02","","-3.16%"
"07/18/2013","4,223.61","4,223.61","4,223.61","4,223.61","","-1.41%"
"07/17/2013","4,284.13","4,284.13","4,284.13","4,284.13","","-0.27%"
"07/16/2013","4,295.83","4,295.83","4,295.83","4,295.83","","0.48%"
"07/15/2013","4,275.49","4,275.49","4,275.49","4,275.49","","1.64%"
"07/14/2013","4,206.60","4,206.60","4,206.60","4,206.60","","-1.32%"
"07/11/2013","4,262.93","4,262.93","4,262.93","4,262.93","","-1.90%"
"07/10/2013","4,345.45","4,345.45","4,345.45","4,345.45","","0.56%"
"07/09/2013","4,321.31","4,321.31","4,321.31","4,321.31","","1.36%"
"07/08/2013","4,263.23","4,263.23","4,263.23","4,263.23","","-0.35%"
"07/07/2013","4,278.09","4,278.09","4,278.09","4,278.09","","0.18%"
"07/04/2013","4,270.42","4,270.42","4,270.42","4,270.42","","0.91%"
"07/03/2013","4,231.95","4,231.95","4,231.95","4,231.95","","0.18%"
"07/02/2013","4,224.16","4,224.16","4,224.16","4,224.16","","2.91%"
"06/30/2013","4,104.64","4,104.64","4,104.64","4,104.64","","-1.07%"
"06/27/2013","4,149.16","4,149.16","4,149.16","4,149.16","","-0.98%"
"06/26/2013","4,190.09","4,190.09","4,190.09","4,190.09","","1.05%"
"06/24/2013","4,146.55","4,146.55","4,146.55","4,146.55","","-0.57%"
"06/23/2013","4,170.15","4,170.15","4,170.15","4,170.15","","-1.04%"
"06/20/2013","4,213.92","4,213.92","4,213.92","4,213.92","","-1.06%"
"06/19/2013","4,259.21","4,259.21","4,259.21","4,259.21","","1.79%"
"06/18/2013","4,184.46","4,184.46","4,184.46","4,184.46","","0.45%"
"06/17/2013","4,165.70","4,165.70","4,165.70","4,165.70","","-0.33%"
"06/16/2013","4,179.67","4,179.67","4,179.67","4,179.67","","2.45%"
"06/13/2013","4,079.80","4,079.80","4,079.80","4,079.80","","-0.57%"
"06/12/2013","4,103.39","4,103.39","4,103.39","4,103.39","","1.00%"
"06/11/2013","4,062.74","4,062.74","4,062.74","4,062.74","","1.40%"
"06/10/2013","4,006.83","4,006.83","4,006.83","4,006.83","","3.19%"
"06/09/2013","3,882.81","3,882.81","3,882.81","3,882.81","","-3.61%"
"06/06/2013","4,028.12","4,028.12","4,028.12","4,028.12","","-0.49%"
"06/05/2013","4,048.03","4,048.03","4,048.03","4,048.03","","1.85%"
"06/04/2013","3,974.48","3,974.48","3,974.48","3,974.48","","-0.01%"
"06/03/2013","3,974.97","3,974.97","3,974.97","3,974.97","","0.80%"
"06/02/2013","3,943.24","3,943.24","3,943.24","3,943.24","","1.68%"
"05/30/2013","3,878.07","3,878.07","3,878.07","3,878.07","","0.59%"
"05/29/2013","3,855.14","3,855.14","3,855.14","3,855.14","","2.59%"
"05/28/2013","3,757.99","3,757.99","3,757.99","3,757.99","","0.26%"
"05/27/2013","3,748.22","3,748.22","3,748.22","3,748.22","","1.74%"
"05/26/2013","3,683.98","3,683.98","3,683.98","3,683.98","","-2.08%"
"05/22/2013","3,762.08","3,762.08","3,762.08","3,762.08","","-1.84%"
"05/21/2013","3,832.62","3,832.62","3,832.62","3,832.62","","-1.79%"
"05/20/2013","3,902.39","3,902.39","3,902.39","3,902.39","","0.74%"
"05/19/2013","3,873.62","3,873.62","3,873.62","3,873.62","","2.65%"
"05/16/2013","3,773.78","3,773.78","3,773.78","3,773.78","","1.56%"
"05/15/2013","3,715.93","3,715.93","3,715.93","3,715.93","","-1.46%"
"05/14/2013","3,771.05","3,771.05","3,771.05","3,771.05","","2.48%"
"05/13/2013","3,679.83","3,679.83","3,679.83","3,679.83","","1.10%"
"05/12/2013","3,639.80","3,639.80","3,639.80","3,639.80","","2.26%"
"05/09/2013","3,559.25","3,559.25","3,559.25","3,559.25","","1.20%"
"05/08/2013","3,516.91","3,516.91","3,516.91","3,516.91","","-0.27%"
"05/07/2013","3,526.60","3,526.60","3,526.60","3,526.60","","1.57%"
"05/06/2013","3,472.17","3,472.17","3,472.17","3,472.17","","0.10%"
"05/05/2013","3,468.56","3,468.56","3,468.56","3,468.56","","0.01%"
"05/02/2013","3,468.18","3,468.18","3,468.18","3,468.18","","0.85%"
"04/30/2013","3,438.89","3,438.89","3,438.89","3,438.89","","-0.17%"
"04/29/2013","3,444.80","3,444.80","3,444.80","3,444.80","","-0.28%"
"04/28/2013","3,454.52","3,454.52","3,454.52","3,454.52","","-1.40%"
"04/25/2013","3,503.56","3,503.56","3,503.56","3,503.56","","-0.09%"
"04/24/2013","3,506.56","3,506.56","3,506.56","3,506.56","","-0.25%"
"04/23/2013","3,515.26","3,515.26","3,515.26","3,515.26","","-0.02%"
"04/22/2013","3,515.96","3,515.96","3,515.96","3,515.96","","-0.26%"
"04/21/2013","3,525.14","3,525.14","3,525.14","3,525.14","","-1.29%"
"04/18/2013","3,571.26","3,571.26","3,571.26","3,571.26","","-0.04%"
"04/17/2013","3,572.68","3,572.68","3,572.68","3,572.68","","0.03%"
"04/16/2013","3,571.49","3,571.49","3,571.49","3,571.49","","-1.79%"
"04/15/2013","3,636.76","3,636.76","3,636.76","3,636.76","","1.30%"
"04/11/2013","3,590.02","3,590.02","3,590.02","3,590.02","","-0.59%"
"04/10/2013","3,611.30","3,611.30","3,611.30","3,611.30","","0.47%"
"04/09/2013","3,594.42","3,594.42","3,594.42","3,594.42","","2.26%"
"04/08/2013","3,515.09","3,515.09","3,515.09","3,515.09","","0.62%"
"04/07/2013","3,493.27","3,493.27","3,493.27","3,493.27","","-0.42%"
"04/04/2013","3,507.85","3,507.85","3,507.85","3,507.85","","-0.52%"
"04/03/2013","3,526.13","3,526.13","3,526.13","3,526.13","","0.66%"
"04/02/2013","3,503.14","3,503.14","3,503.14","3,503.14","","1.30%"
"04/01/2013","3,458.10","3,458.10","3,458.10","3,458.10","","-3.68%"
"03/31/2013","3,590.04","3,590.04","3,590.04","3,590.04","","-2.49%"
"03/28/2013","3,681.65","3,681.65","3,681.65","3,681.65","","1.07%"
"03/27/2013","3,642.70","3,642.70","3,642.70","3,642.70","","-2.23%"
"03/25/2013","3,725.60","3,725.60","3,725.60","3,725.60","","-1.30%"
"03/24/2013","3,774.71","3,774.71","3,774.71","3,774.71","","-2.12%"
"03/20/2013","3,856.61","3,856.61","3,856.61","3,856.61","","-0.98%"
"03/19/2013","3,894.61","3,894.61","3,894.61","3,894.61","","0.83%"
"03/18/2013","3,862.70","3,862.70","3,862.70","3,862.70","","0.44%"
"03/14/2013","3,845.80","3,845.80","3,845.80","3,845.80","","0.25%"
"03/13/2013","3,836.11","3,836.11","3,836.11","3,836.11","","1.27%"
"03/12/2013","3,787.86","3,787.86","3,787.86","3,787.86","","0.69%"
"03/11/2013","3,761.97","3,761.97","3,761.97","3,761.97","","-0.79%"
"03/10/2013","3,791.86","3,791.86","3,791.86","3,791.86","","-1.07%"
"03/07/2013","3,832.85","3,832.85","3,832.85","3,832.85","","-0.57%"
"03/06/2013","3,854.65","3,854.65","3,854.65","3,854.65","","-0.77%"
"03/05/2013","3,884.50","3,884.50","3,884.50","3,884.50","","-0.26%"
"03/04/2013","3,894.59","3,894.59","3,894.59","3,894.59","","3.42%"
"03/03/2013","3,765.98","3,765.98","3,765.98","3,765.98","","-5.22%"
"02/28/2013","3,973.28","3,973.28","3,973.28","3,973.28","","0.41%"
"02/27/2013","3,956.89","3,956.89","3,956.89","3,956.89","","-2.74%"
"02/26/2013","4,068.40","4,068.40","4,068.40","4,068.40","","1.45%"
"02/25/2013","4,010.27","4,010.27","4,010.27","4,010.27","","-1.19%"
"02/24/2013","4,058.65","4,058.65","4,058.65","4,058.65","","-2.33%"
"02/20/2013","4,155.45","4,155.45","4,155.45","4,155.45","","-1.30%"
"02/19/2013","4,210.26","4,210.26","4,210.26","4,210.26","","-1.29%"
"02/18/2013","4,265.09","4,265.09","4,265.09","4,265.09","","-0.50%"
"02/17/2013","4,286.32","4,286.32","4,286.32","4,286.32","","-0.43%"
"02/14/2013","4,304.97","4,304.97","4,304.97","4,304.97","","1.21%"
"02/13/2013","4,253.45","4,253.45","4,253.45","4,253.45","","0.31%"
"02/12/2013","4,240.43","4,240.43","4,240.43","4,240.43","","-0.72%"
"02/11/2013","4,271.15","4,271.15","4,271.15","4,271.15","","0.53%"
"02/10/2013","4,248.44","4,248.44","4,248.44","4,248.44","","1.16%"
"02/07/2013","4,199.58","4,199.58","4,199.58","4,199.58","","-0.06%"
"02/06/2013","4,201.98","4,201.98","4,201.98","4,201.98","","0.25%"
"02/05/2013","4,191.50","4,191.50","4,191.50","4,191.50","","0.65%"
"02/04/2013","4,164.62","4,164.62","4,164.62","4,164.62","","0.02%"
"02/03/2013","4,163.82","4,163.82","4,163.82","4,163.82","","0.67%"
"01/31/2013","4,136.30","4,136.30","4,136.30","4,136.30","","0.23%"
"01/30/2013","4,126.75","4,126.75","4,126.75","4,126.75","","-0.67%"